segment,suite,pick_id,level,phase,pose,label,outcome,resolved_slice,truth_slice,navigation_posted,error,workstation_slice_same_ray,device_matches_workstation,target,target_expected_slice,target_landed,target_error,nav_slice_distance
1,1,L0-1,0,auto_target,P0_fit,,resolved,69,69,True,0,69,True,T00,25,False,,
1,1,L0-2,0,auto_target,P0_fit,,resolved,27,27,True,0,27,True,T01,27,True,0,
1,1,L0-3,0,auto_target,P0_fit,,resolved,29,29,True,0,29,True,T02,29,True,0,
1,1,L0-4,0,auto_target,P0_fit,,resolved,61,60,True,1,61,True,T03,31,False,,
1,1,L0-5,0,auto_target,P0_fit,,resolved,51,51,True,0,51,True,T04,23,False,,
1,1,L0-6,0,auto_target,P0_fit,,resolved,54,53,True,1,54,True,T05,27,False,,
1,1,L0-7,0,auto_target,P0_fit,,resolved,60,59,True,1,60,True,T06,34,False,,
1,1,L0-8,0,auto_target,P0_fit,,resolved,64,64,True,0,64,True,T07,36,False,,
1,1,L0-9,0,auto_target,P0_fit,,resolved,67,66,True,1,67,True,T08,38,False,,
1,1,L0-10,0,auto_target,P0_fit,,resolved,51,51,True,0,51,True,T09,40,False,,
1,1,L0-11,0,auto_target,P0_fit,,resolved,36,35,True,1,36,True,T10,35,True,1,
1,1,L0-12,0,auto_target,P0_fit,,resolved,46,46,True,0,46,True,T11,39,False,,
1,1,L0-13,0,auto_target,P0_fit,,resolved,59,59,True,0,59,True,T12,43,False,,
1,1,L0-14,0,auto_target,P0_fit,,resolved,48,47,True,1,48,True,T13,45,False,,
1,1,L0-15,0,auto_target,P0_fit,,resolved,47,47,True,0,47,True,T14,47,True,0,
1,1,L0-16,0,auto_target,P0_fit,,resolved,49,49,True,0,49,True,T15,49,True,0,
1,1,L0-17,0,auto_target,P0_fit,,resolved,46,46,True,0,46,True,T16,45,False,,
1,1,L0-18,0,auto_target,P0_fit,,resolved,71,70,True,1,71,True,T17,49,False,,
1,1,L0-19,0,auto_target,P0_fit,,resolved,55,54,True,1,55,True,T18,52,False,,
1,1,L0-20,0,auto_target,P0_fit,,resolved,55,54,True,1,55,True,T19,54,True,1,
1,1,L0-21,0,auto_target,P0_fit,,resolved,57,56,True,1,57,True,T20,56,True,1,
1,1,L0-22,0,auto_target,P0_fit,,resolved,69,69,True,0,69,True,T21,58,False,,
1,1,L0-23,0,auto_target,P0_fit,,resolved,55,54,True,1,55,True,T22,54,True,1,
1,1,L0-24,0,auto_target,P0_fit,,resolved,59,58,True,1,59,True,T23,58,True,1,
1,1,L0-25,0,auto_target,P0_fit,,resolved,70,69,True,1,70,True,T24,62,False,,
1,1,L0-26,0,auto_target,P0_fit,,resolved,71,70,True,1,71,True,T25,64,False,,
1,1,L0-27,0,auto_target,P0_fit,,resolved,72,71,True,1,72,True,T26,65,False,,
1,1,L0-28,0,auto_target,P0_fit,,resolved,68,67,True,1,68,True,T27,67,True,1,
1,1,L0-29,0,auto_target,P0_fit,,resolved,69,69,True,0,69,True,T28,63,False,,
1,1,L0-30,0,auto_target,P0_fit,,resolved,72,71,True,1,72,True,T29,66,False,,
1,1,L0-31,0,auto_target,P0_fit,,resolved,71,70,True,1,71,True,T30,70,True,1,
1,1,L0-32,0,auto_target,P0_fit,,resolved,74,74,True,0,74,True,T31,72,False,,
1,1,L0-33,0,auto_target,P0_fit,,resolved,76,76,True,0,76,True,T32,74,False,,
1,1,L0-34,0,auto_target,P0_fit,,resolved,76,76,True,0,76,True,T33,76,True,0,
1,1,L0-35,0,auto_target,P0_fit,,resolved,71,70,True,1,71,True,T34,70,True,1,
1,1,L0-36,0,auto_target,P0_fit,,resolved,75,74,True,1,75,True,T35,74,True,1,
1,1,L0-37,0,auto_grid,P0_fit,,no_hit,,,False,,,True,,,,,
1,1,L0-38,0,auto_grid,P0_fit,,no_hit,,,False,,,True,,,,,
1,1,L0-39,0,auto_grid,P0_fit,,no_hit,,,False,,,True,,,,,
1,1,L0-40,0,auto_grid,P0_fit,,no_hit,,,False,,,True,,,,,
1,1,L0-41,0,auto_grid,P0_fit,,no_hit,,,False,,,True,,,,,
1,1,L0-42,0,auto_grid,P0_fit,,no_hit,,,False,,,True,,,,,
1,1,L0-43,0,auto_grid,P0_fit,,no_hit,,,False,,,True,,,,,
1,1,L0-44,0,auto_grid,P0_fit,,no_hit,,,False,,,True,,,,,
1,1,L0-45,0,auto_grid,P0_fit,,no_hit,,,False,,,True,,,,,
1,1,L0-46,0,auto_grid,P0_fit,,no_hit,,,False,,,True,,,,,
1,1,L0-47,0,auto_grid,P0_fit,,no_hit,,,False,,,True,,,,,
1,1,L0-48,0,auto_grid,P0_fit,,no_hit,,,False,,,True,,,,,
1,1,L0-49,0,auto_grid,P0_fit,,no_hit,,,False,,,True,,,,,
1,1,L0-50,0,auto_grid,P0_fit,,no_hit,,,False,,,True,,,,,
1,1,L0-51,0,auto_grid,P0_fit,,no_hit,,,False,,,True,,,,,
1,1,L0-52,0,auto_grid,P0_fit,,no_hit,,,False,,,True,,,,,
1,1,L0-53,0,auto_grid,P0_fit,,no_hit,,,False,,,True,,,,,
1,1,L0-54,0,auto_grid,P0_fit,,no_hit,,,False,,,True,,,,,
1,1,L0-55,0,auto_grid,P0_fit,,resolved,50,49,True,1,50,True,,,,,
1,1,L0-56,0,auto_grid,P0_fit,,no_hit,,,False,,,True,,,,,
1,1,L0-57,0,auto_grid,P0_fit,,no_hit,,,False,,,True,,,,,
1,1,L0-58,0,auto_grid,P0_fit,,no_hit,,,False,,,True,,,,,
1,1,L0-59,0,auto_grid,P0_fit,,no_hit,,,False,,,True,,,,,
1,1,L0-60,0,auto_grid,P0_fit,,no_hit,,,False,,,True,,,,,
1,1,L0-61,0,auto_grid,P0_fit,,no_hit,,,False,,,True,,,,,
1,1,L0-62,0,auto_grid,P0_fit,,resolved,55,54,True,1,55,True,,,,,
1,1,L0-63,0,auto_grid,P0_fit,,resolved,60,59,True,1,60,True,,,,,
1,1,L0-64,0,auto_grid,P0_fit,,resolved,65,64,True,1,65,True,,,,,
1,1,L0-65,0,auto_grid,P0_fit,,resolved,60,59,True,1,60,True,,,,,
1,1,L0-66,0,auto_grid,P0_fit,,no_hit,,,False,,,True,,,,,
1,1,L0-67,0,auto_grid,P0_fit,,no_hit,,,False,,,True,,,,,
1,1,L0-68,0,auto_grid,P0_fit,,resolved,62,62,True,0,62,True,,,,,
1,1,L0-69,0,auto_grid,P0_fit,,resolved,62,61,True,1,62,True,,,,,
1,1,L0-70,0,auto_grid,P0_fit,,resolved,64,63,True,1,64,True,,,,,
1,1,L0-71,0,auto_grid,P0_fit,,resolved,62,61,True,1,62,True,,,,,
1,1,L0-72,0,auto_grid,P0_fit,,resolved,79,78,True,1,79,True,,,,,
1,1,L0-73,0,auto_grid,P0_fit,,no_hit,,,False,,,True,,,,,
1,1,L0-74,0,auto_grid,P0_fit,,no_hit,,,False,,,True,,,,,
1,1,L0-75,0,auto_grid,P0_fit,,resolved,49,48,True,1,49,True,,,,,
1,1,L0-76,0,auto_grid,P0_fit,,resolved,45,45,True,0,45,True,,,,,
1,1,L0-77,0,auto_grid,P0_fit,,resolved,69,69,True,0,69,True,,,,,
1,1,L0-78,0,auto_grid,P0_fit,,no_hit,,,False,,,True,,,,,
1,1,L0-79,0,auto_grid,P0_fit,,no_hit,,,False,,,True,,,,,
1,1,L0-80,0,auto_grid,P0_fit,,no_hit,,,False,,,True,,,,,
1,1,L0-81,0,auto_grid,P0_fit,,no_hit,,,False,,,True,,,,,
1,1,L0-82,0,auto_grid,P0_fit,,no_hit,,,False,,,True,,,,,
1,1,L0-83,0,auto_grid,P0_fit,,no_hit,,,False,,,True,,,,,
1,1,L0-84,0,auto_grid,P0_fit,,no_hit,,,False,,,True,,,,,
1,1,L0-85,0,auto_grid,P0_fit,,no_hit,,,False,,,True,,,,,
1,1,L0-86,0,auto_grid,P0_fit,,no_hit,,,False,,,True,,,,,
1,1,L0-87,0,auto_grid,P0_fit,,no_hit,,,False,,,True,,,,,
1,1,L0-88,0,auto_grid,P0_fit,,no_hit,,,False,,,True,,,,,
1,1,L0-89,0,auto_grid,P0_fit,,no_hit,,,False,,,True,,,,,
1,1,L0-90,0,auto_grid,P0_fit,,no_hit,,,False,,,True,,,,,
1,1,L0-91,0,auto_grid,P0_fit,,no_hit,,,False,,,True,,,,,
1,1,L0-92,0,auto_grid,P0_fit,,no_hit,,,False,,,True,,,,,
1,1,L0-93,0,auto_grid,P0_fit,,no_hit,,,False,,,True,,,,,
1,1,L0-94,0,auto_grid,P0_fit,,no_hit,,,False,,,True,,,,,
1,1,L0-95,0,auto_grid,P0_fit,,no_hit,,,False,,,True,,,,,
1,1,L0-96,0,auto_grid,P0_fit,,no_hit,,,False,,,True,,,,,
1,1,L0-97,0,auto_target,P1_zoom_in,,resolved,66,66,True,0,66,True,T01,27,False,,
1,1,L0-98,0,auto_target,P1_zoom_in,,resolved,65,65,True,0,65,True,T02,29,False,,
1,1,L0-99,0,auto_target,P1_zoom_in,,resolved,61,61,True,0,61,True,T05,27,False,,
1,1,L0-100,0,auto_target,P1_zoom_in,,resolved,36,36,True,0,36,True,T07,36,True,0,
1,1,L0-101,0,auto_target,P1_zoom_in,,resolved,49,49,True,0,49,True,T08,38,False,,
1,1,L0-102,0,auto_target,P1_zoom_in,,resolved,68,68,True,0,68,True,T09,40,False,,
1,1,L0-103,0,auto_target,P1_zoom_in,,resolved,68,67,True,1,68,True,T10,35,False,,
1,1,L0-104,0,auto_target,P1_zoom_in,,resolved,67,66,True,1,67,True,T11,39,False,,
1,1,L0-105,0,auto_target,P1_zoom_in,,resolved,48,48,True,0,48,True,T12,43,False,,
1,1,L0-106,0,auto_target,P1_zoom_in,,resolved,47,47,True,0,47,True,T13,45,False,,
1,1,L0-107,0,auto_target,P1_zoom_in,,resolved,69,68,True,1,69,True,T14,47,False,,
1,1,L0-108,0,auto_target,P1_zoom_in,,resolved,53,52,True,1,53,True,T15,49,False,,
1,1,L0-109,0,auto_target,P1_zoom_in,,resolved,63,62,True,1,63,True,T16,45,False,,
1,1,L0-110,0,auto_target,P1_zoom_in,,resolved,52,52,True,0,52,True,T18,52,True,0,
1,1,L0-111,0,auto_target,P1_zoom_in,,resolved,54,54,True,0,54,True,T19,54,True,0,
1,1,L0-112,0,auto_target,P1_zoom_in,,resolved,56,56,True,0,56,True,T20,56,True,0,
1,1,L0-113,0,auto_target,P1_zoom_in,,resolved,67,67,True,0,67,True,T21,58,False,,
1,1,L0-114,0,auto_target,P1_zoom_in,,resolved,65,64,True,1,65,True,T23,58,False,,
1,1,L0-115,0,auto_target,P1_zoom_in,,resolved,63,63,True,0,63,True,T24,62,False,,
1,1,L0-116,0,auto_target,P1_zoom_in,,resolved,76,75,True,1,76,True,T25,64,False,,
1,1,L0-117,0,auto_target,P1_zoom_in,,resolved,65,65,True,0,65,True,T26,65,True,0,
1,1,L0-118,0,auto_target,P1_zoom_in,,resolved,67,67,True,0,67,True,T27,67,True,0,
1,1,L0-119,0,auto_target,P1_zoom_in,,resolved,69,69,True,0,69,True,T28,63,False,,
1,1,L0-120,0,auto_target,P1_zoom_in,,resolved,67,67,True,0,67,True,T29,66,False,,
1,1,L0-121,0,auto_target,P1_zoom_in,,resolved,70,70,True,0,70,True,T30,70,True,0,
1,1,L0-122,0,auto_target,P1_zoom_in,,resolved,71,70,True,1,71,True,T34,70,True,1,
1,1,L0-123,0,auto_grid,P1_zoom_in,,no_hit,,,False,,,True,,,,,
1,1,L0-124,0,auto_grid,P1_zoom_in,,no_hit,,,False,,,True,,,,,
1,1,L0-125,0,auto_grid,P1_zoom_in,,no_hit,,,False,,,True,,,,,
1,1,L0-126,0,auto_grid,P1_zoom_in,,no_hit,,,False,,,True,,,,,
1,1,L0-127,0,auto_grid,P1_zoom_in,,no_hit,,,False,,,True,,,,,
1,1,L0-128,0,auto_grid,P1_zoom_in,,no_hit,,,False,,,True,,,,,
1,1,L0-129,0,auto_grid,P1_zoom_in,,no_hit,,,False,,,True,,,,,
1,1,L0-130,0,auto_grid,P1_zoom_in,,no_hit,,,False,,,True,,,,,
1,1,L0-131,0,auto_grid,P1_zoom_in,,no_hit,,,False,,,True,,,,,
1,1,L0-132,0,auto_grid,P1_zoom_in,,no_hit,,,False,,,True,,,,,
1,1,L0-133,0,auto_grid,P1_zoom_in,,no_hit,,,False,,,True,,,,,
1,1,L0-134,0,auto_grid,P1_zoom_in,,no_hit,,,False,,,True,,,,,
1,1,L0-135,0,auto_grid,P1_zoom_in,,no_hit,,,False,,,True,,,,,
1,1,L0-136,0,auto_grid,P1_zoom_in,,resolved,51,50,True,1,51,True,,,,,
1,1,L0-137,0,auto_grid,P1_zoom_in,,no_hit,,,False,,,True,,,,,
1,1,L0-138,0,auto_grid,P1_zoom_in,,no_hit,,,False,,,True,,,,,
1,1,L0-139,0,auto_grid,P1_zoom_in,,no_hit,,,False,,,True,,,,,
1,1,L0-140,0,auto_grid,P1_zoom_in,,no_hit,,,False,,,True,,,,,
1,1,L0-141,0,auto_grid,P1_zoom_in,,no_hit,,,False,,,True,,,,,
1,1,L0-142,0,auto_grid,P1_zoom_in,,no_hit,,,False,,,True,,,,,
1,1,L0-143,0,auto_grid,P1_zoom_in,,resolved,45,45,True,0,45,True,,,,,
1,1,L0-144,0,auto_grid,P1_zoom_in,,no_hit,,,False,,,True,,,,,
1,1,L0-145,0,auto_grid,P1_zoom_in,,no_hit,,,False,,,True,,,,,
1,1,L0-146,0,auto_grid,P1_zoom_in,,no_hit,,,False,,,True,,,,,
1,1,L0-147,0,auto_grid,P1_zoom_in,,resolved,71,70,True,1,71,True,,,,,
1,1,L0-148,0,auto_grid,P1_zoom_in,,resolved,62,62,True,0,62,True,,,,,
1,1,L0-149,0,auto_grid,P1_zoom_in,,resolved,57,57,True,0,57,True,,,,,
1,1,L0-150,0,auto_grid,P1_zoom_in,,resolved,54,54,True,0,54,True,,,,,
1,1,L0-151,0,auto_grid,P1_zoom_in,,resolved,51,51,True,0,51,True,,,,,
1,1,L0-152,0,auto_grid,P1_zoom_in,,no_hit,,,False,,,True,,,,,
1,1,L0-153,0,auto_grid,P1_zoom_in,,no_hit,,,False,,,True,,,,,
1,1,L0-154,0,auto_grid,P1_zoom_in,,no_hit,,,False,,,True,,,,,
1,1,L0-155,0,auto_grid,P1_zoom_in,,resolved,63,62,True,1,63,True,,,,,
1,1,L0-156,0,auto_grid,P1_zoom_in,,resolved,63,62,True,1,63,True,,,,,
1,1,L0-157,0,auto_grid,P1_zoom_in,,resolved,61,60,True,1,61,True,,,,,
1,1,L0-158,0,auto_grid,P1_zoom_in,,resolved,60,59,True,1,60,True,,,,,
1,1,L0-159,0,auto_grid,P1_zoom_in,,no_hit,,,False,,,True,,,,,
1,1,L0-160,0,auto_grid,P1_zoom_in,,no_hit,,,False,,,True,,,,,
1,1,L0-161,0,auto_grid,P1_zoom_in,,no_hit,,,False,,,True,,,,,
1,1,L0-162,0,auto_grid,P1_zoom_in,,resolved,69,68,True,1,69,True,,,,,
1,1,L0-163,0,auto_grid,P1_zoom_in,,resolved,64,64,True,0,64,True,,,,,
1,1,L0-164,0,auto_grid,P1_zoom_in,,resolved,61,60,True,1,61,True,,,,,
1,1,L0-165,0,auto_grid,P1_zoom_in,,no_hit,,,False,,,True,,,,,
1,1,L0-166,0,auto_grid,P1_zoom_in,,no_hit,,,False,,,True,,,,,
1,1,L0-167,0,auto_grid,P1_zoom_in,,no_hit,,,False,,,True,,,,,
1,1,L0-168,0,auto_grid,P1_zoom_in,,resolved,63,62,True,1,63,True,,,,,
1,1,L0-169,0,auto_grid,P1_zoom_in,,resolved,69,69,True,0,69,True,,,,,
1,1,L0-170,0,auto_grid,P1_zoom_in,,resolved,55,55,True,0,55,True,,,,,
1,1,L0-171,0,auto_grid,P1_zoom_in,,no_hit,,,False,,,True,,,,,
1,1,L0-172,0,auto_grid,P1_zoom_in,,no_hit,,,False,,,True,,,,,
1,1,L0-173,0,auto_grid,P1_zoom_in,,no_hit,,,False,,,True,,,,,
1,1,L0-174,0,auto_grid,P1_zoom_in,,resolved,69,68,True,1,69,True,,,,,
1,1,L0-175,0,auto_grid,P1_zoom_in,,resolved,72,72,True,0,72,True,,,,,
1,1,L0-176,0,auto_grid,P1_zoom_in,,resolved,69,68,True,1,69,True,,,,,
1,1,L0-177,0,auto_grid,P1_zoom_in,,no_hit,,,False,,,True,,,,,
1,1,L0-178,0,auto_grid,P1_zoom_in,,no_hit,,,False,,,True,,,,,
1,1,L0-179,0,auto_grid,P1_zoom_in,,no_hit,,,False,,,True,,,,,
1,1,L0-180,0,auto_grid,P1_zoom_in,,no_hit,,,False,,,True,,,,,
1,1,L0-181,0,auto_grid,P1_zoom_in,,resolved,75,74,True,1,75,True,,,,,
1,1,L0-182,0,auto_grid,P1_zoom_in,,resolved,72,72,True,0,72,True,,,,,
1,1,L0-183,0,auto_target,P2_zoom_out_high,,resolved,25,25,True,0,25,True,T00,25,True,0,
1,1,L0-184,0,auto_target,P2_zoom_out_high,,resolved,27,27,True,0,27,True,T01,27,True,0,
1,1,L0-185,0,auto_target,P2_zoom_out_high,,resolved,29,29,True,0,29,True,T02,29,True,0,
1,1,L0-186,0,auto_target,P2_zoom_out_high,,resolved,25,25,True,0,25,True,T03,31,False,,
1,1,L0-187,0,auto_target,P2_zoom_out_high,,resolved,23,23,True,0,23,True,T04,23,True,0,
1,1,L0-188,0,auto_target,P2_zoom_out_high,,resolved,27,27,True,0,27,True,T05,27,True,0,
1,1,L0-189,0,auto_target,P2_zoom_out_high,,resolved,27,27,True,0,27,True,T06,34,False,,
1,1,L0-190,0,auto_target,P2_zoom_out_high,,resolved,23,23,True,0,23,True,T07,36,False,,
1,1,L0-191,0,auto_target,P2_zoom_out_high,,resolved,33,33,True,0,33,True,T08,38,False,,
1,1,L0-192,0,auto_target,P2_zoom_out_high,,resolved,40,40,True,0,40,True,T09,40,True,0,
1,1,L0-193,0,auto_target,P2_zoom_out_high,,resolved,35,35,True,0,35,True,T10,35,True,0,
1,1,L0-194,0,auto_target,P2_zoom_out_high,,resolved,39,39,True,0,39,True,T11,39,True,0,
1,1,L0-195,0,auto_target,P2_zoom_out_high,,resolved,24,24,True,0,24,True,T12,43,False,,
1,1,L0-196,0,auto_target,P2_zoom_out_high,,resolved,42,42,True,0,42,True,T13,45,False,,
1,1,L0-197,0,auto_target,P2_zoom_out_high,,resolved,47,47,True,0,47,True,T14,47,True,0,
1,1,L0-198,0,auto_target,P2_zoom_out_high,,resolved,49,49,True,0,49,True,T15,49,True,0,
1,1,L0-199,0,auto_target,P2_zoom_out_high,,resolved,45,45,True,0,45,True,T16,45,True,0,
1,1,L0-200,0,auto_target,P2_zoom_out_high,,resolved,38,38,True,0,38,True,T17,49,False,,
1,1,L0-201,0,auto_target,P2_zoom_out_high,,resolved,31,31,True,0,31,True,T18,52,False,,
1,1,L0-202,0,auto_target,P2_zoom_out_high,,resolved,37,37,True,0,37,True,T19,54,False,,
1,1,L0-203,0,auto_target,P2_zoom_out_high,,resolved,32,32,True,0,32,True,T20,56,False,,
1,1,L0-204,0,auto_target,P2_zoom_out_high,,resolved,48,48,True,0,48,True,T21,58,False,,
1,1,L0-205,0,auto_target,P2_zoom_out_high,,resolved,48,48,True,0,48,True,T22,54,False,,
1,1,L0-206,0,auto_target,P2_zoom_out_high,,resolved,58,58,True,0,58,True,T23,58,True,0,
1,1,L0-207,0,auto_target,P2_zoom_out_high,,resolved,58,58,True,0,58,True,T24,62,False,,
1,1,L0-208,0,auto_target,P2_zoom_out_high,,resolved,64,64,True,0,64,True,T25,64,True,0,
1,1,L0-209,0,auto_target,P2_zoom_out_high,,resolved,51,51,True,0,51,True,T26,65,False,,
1,1,L0-210,0,auto_target,P2_zoom_out_high,,resolved,45,45,True,0,45,True,T27,67,False,,
1,1,L0-211,0,auto_target,P2_zoom_out_high,,resolved,45,45,True,0,45,True,T28,63,False,,
1,1,L0-212,0,auto_target,P2_zoom_out_high,,resolved,66,66,True,0,66,True,T29,66,True,0,
1,1,L0-213,0,auto_target,P2_zoom_out_high,,resolved,66,66,True,0,66,True,T30,70,False,,
1,1,L0-214,0,auto_target,P2_zoom_out_high,,resolved,72,72,True,0,72,True,T31,72,True,0,
1,1,L0-215,0,auto_target,P2_zoom_out_high,,resolved,74,74,True,0,74,True,T32,74,True,0,
1,1,L0-216,0,auto_target,P2_zoom_out_high,,resolved,76,76,True,0,76,True,T33,76,True,0,
1,1,L0-217,0,auto_target,P2_zoom_out_high,,resolved,68,68,True,0,68,True,T34,70,False,,
1,1,L0-218,0,auto_target,P2_zoom_out_high,,resolved,70,70,True,0,70,True,T35,74,False,,
1,1,L0-219,0,auto_grid,P2_zoom_out_high,,no_hit,,,False,,,True,,,,,
1,1,L0-220,0,auto_grid,P2_zoom_out_high,,no_hit,,,False,,,True,,,,,
1,1,L0-221,0,auto_grid,P2_zoom_out_high,,no_hit,,,False,,,True,,,,,
1,1,L0-222,0,auto_grid,P2_zoom_out_high,,no_hit,,,False,,,True,,,,,
1,1,L0-223,0,auto_grid,P2_zoom_out_high,,no_hit,,,False,,,True,,,,,
1,1,L0-224,0,auto_grid,P2_zoom_out_high,,no_hit,,,False,,,True,,,,,
1,1,L0-225,0,auto_grid,P2_zoom_out_high,,no_hit,,,False,,,True,,,,,
1,1,L0-226,0,auto_grid,P2_zoom_out_high,,no_hit,,,False,,,True,,,,,
1,1,L0-227,0,auto_grid,P2_zoom_out_high,,no_hit,,,False,,,True,,,,,
1,1,L0-228,0,auto_grid,P2_zoom_out_high,,no_hit,,,False,,,True,,,,,
1,1,L0-229,0,auto_grid,P2_zoom_out_high,,no_hit,,,False,,,True,,,,,
1,1,L0-230,0,auto_grid,P2_zoom_out_high,,no_hit,,,False,,,True,,,,,
1,1,L0-231,0,auto_grid,P2_zoom_out_high,,no_hit,,,False,,,True,,,,,
1,1,L0-232,0,auto_grid,P2_zoom_out_high,,no_hit,,,False,,,True,,,,,
1,1,L0-233,0,auto_grid,P2_zoom_out_high,,no_hit,,,False,,,True,,,,,
1,1,L0-234,0,auto_grid,P2_zoom_out_high,,no_hit,,,False,,,True,,,,,
1,1,L0-235,0,auto_grid,P2_zoom_out_high,,no_hit,,,False,,,True,,,,,
1,1,L0-236,0,auto_grid,P2_zoom_out_high,,no_hit,,,False,,,True,,,,,
1,1,L0-237,0,auto_grid,P2_zoom_out_high,,no_hit,,,False,,,True,,,,,
1,1,L0-238,0,auto_grid,P2_zoom_out_high,,no_hit,,,False,,,True,,,,,
1,1,L0-239,0,auto_grid,P2_zoom_out_high,,resolved,23,23,True,0,23,True,,,,,
1,1,L0-240,0,auto_grid,P2_zoom_out_high,,no_hit,,,False,,,True,,,,,
1,1,L0-241,0,auto_grid,P2_zoom_out_high,,no_hit,,,False,,,True,,,,,
1,1,L0-242,0,auto_grid,P2_zoom_out_high,,no_hit,,,False,,,True,,,,,
1,1,L0-243,0,auto_grid,P2_zoom_out_high,,no_hit,,,False,,,True,,,,,
1,1,L0-244,0,auto_grid,P2_zoom_out_high,,resolved,71,71,True,0,71,True,,,,,
1,1,L0-245,0,auto_grid,P2_zoom_out_high,,resolved,36,36,True,0,36,True,,,,,
1,1,L0-246,0,auto_grid,P2_zoom_out_high,,no_hit,,,False,,,True,,,,,
1,1,L0-247,0,auto_grid,P2_zoom_out_high,,no_hit,,,False,,,True,,,,,
1,1,L0-248,0,auto_grid,P2_zoom_out_high,,no_hit,,,False,,,True,,,,,
1,1,L0-249,0,auto_grid,P2_zoom_out_high,,no_hit,,,False,,,True,,,,,
1,1,L0-250,0,auto_grid,P2_zoom_out_high,,no_hit,,,False,,,True,,,,,
1,1,L0-251,0,auto_grid,P2_zoom_out_high,,no_hit,,,False,,,True,,,,,
1,1,L0-252,0,auto_grid,P2_zoom_out_high,,resolved,37,37,True,0,37,True,,,,,
1,1,L0-253,0,auto_grid,P2_zoom_out_high,,no_hit,,,False,,,True,,,,,
1,1,L0-254,0,auto_grid,P2_zoom_out_high,,no_hit,,,False,,,True,,,,,
1,1,L0-255,0,auto_grid,P2_zoom_out_high,,no_hit,,,False,,,True,,,,,
1,1,L0-256,0,auto_grid,P2_zoom_out_high,,no_hit,,,False,,,True,,,,,
1,1,L0-257,0,auto_grid,P2_zoom_out_high,,no_hit,,,False,,,True,,,,,
1,1,L0-258,0,auto_grid,P2_zoom_out_high,,no_hit,,,False,,,True,,,,,
1,1,L0-259,0,auto_grid,P2_zoom_out_high,,no_hit,,,False,,,True,,,,,
1,1,L0-260,0,auto_grid,P2_zoom_out_high,,no_hit,,,False,,,True,,,,,
1,1,L0-261,0,auto_grid,P2_zoom_out_high,,no_hit,,,False,,,True,,,,,
1,1,L0-262,0,auto_grid,P2_zoom_out_high,,no_hit,,,False,,,True,,,,,
1,1,L0-263,0,auto_grid,P2_zoom_out_high,,no_hit,,,False,,,True,,,,,
1,1,L0-264,0,auto_grid,P2_zoom_out_high,,no_hit,,,False,,,True,,,,,
1,1,L0-265,0,auto_grid,P2_zoom_out_high,,no_hit,,,False,,,True,,,,,
1,1,L0-266,0,auto_grid,P2_zoom_out_high,,no_hit,,,False,,,True,,,,,
1,1,L0-267,0,auto_grid,P2_zoom_out_high,,no_hit,,,False,,,True,,,,,
1,1,L0-268,0,auto_grid,P2_zoom_out_high,,no_hit,,,False,,,True,,,,,
1,1,L0-269,0,auto_grid,P2_zoom_out_high,,no_hit,,,False,,,True,,,,,
1,1,L0-270,0,auto_grid,P2_zoom_out_high,,no_hit,,,False,,,True,,,,,
1,1,L0-271,0,auto_grid,P2_zoom_out_high,,no_hit,,,False,,,True,,,,,
1,1,L0-272,0,auto_grid,P2_zoom_out_high,,no_hit,,,False,,,True,,,,,
1,1,L0-273,0,auto_grid,P2_zoom_out_high,,no_hit,,,False,,,True,,,,,
1,1,L0-274,0,auto_grid,P2_zoom_out_high,,no_hit,,,False,,,True,,,,,
1,1,L0-275,0,auto_grid,P2_zoom_out_high,,no_hit,,,False,,,True,,,,,
1,1,L0-276,0,auto_grid,P2_zoom_out_high,,no_hit,,,False,,,True,,,,,
1,1,L0-277,0,auto_grid,P2_zoom_out_high,,no_hit,,,False,,,True,,,,,
1,1,L0-278,0,auto_grid,P2_zoom_out_high,,no_hit,,,False,,,True,,,,,
1,1,L0-279,0,auto_target,P3_from_below,,resolved,25,25,True,0,25,True,T00,25,False,,
1,1,L0-280,0,auto_target,P3_from_below,,resolved,26,26,True,0,26,True,T01,27,False,,
1,1,L0-281,0,auto_target,P3_from_below,,resolved,28,28,True,0,28,True,T02,29,False,,
1,1,L0-282,0,auto_target,P3_from_below,,resolved,31,31,True,0,31,True,T03,31,False,,
1,1,L0-283,0,auto_target,P3_from_below,,resolved,23,23,True,0,23,True,T04,23,True,0,
1,1,L0-284,0,auto_target,P3_from_below,,resolved,27,27,True,0,27,True,T05,27,True,0,
1,1,L0-285,0,auto_target,P3_from_below,,resolved,34,34,True,0,34,True,T06,34,False,,
1,1,L0-286,0,auto_target,P3_from_below,,resolved,36,36,True,0,36,True,T07,36,True,0,
1,1,L0-287,0,auto_target,P3_from_below,,resolved,38,38,True,0,38,True,T08,38,True,0,
1,1,L0-288,0,auto_target,P3_from_below,,resolved,36,36,True,0,36,True,T09,40,False,,
1,1,L0-289,0,auto_target,P3_from_below,,resolved,32,32,True,0,32,True,T10,35,False,,
1,1,L0-290,0,auto_target,P3_from_below,,resolved,36,36,True,0,36,True,T11,39,False,,
1,1,L0-291,0,auto_target,P3_from_below,,resolved,43,43,True,0,43,True,T12,43,True,0,
1,1,L0-292,0,auto_target,P3_from_below,,resolved,45,45,True,0,45,True,T13,45,True,0,
1,1,L0-293,0,auto_target,P3_from_below,,resolved,41,41,True,0,41,True,T14,47,False,,
1,1,L0-294,0,auto_target,P3_from_below,,resolved,47,47,True,0,47,True,T15,49,False,,
1,1,L0-295,0,auto_target,P3_from_below,,resolved,41,41,True,0,41,True,T16,45,False,,
1,1,L0-296,0,auto_target,P3_from_below,,resolved,49,49,True,0,49,True,T17,49,True,0,
1,1,L0-297,0,auto_target,P3_from_below,,resolved,52,52,True,0,52,True,T18,52,True,0,
1,1,L0-298,0,auto_target,P3_from_below,,resolved,54,54,True,0,54,True,T19,54,True,0,
1,1,L0-299,0,auto_target,P3_from_below,,resolved,56,56,True,0,56,True,T20,56,True,0,
1,1,L0-300,0,auto_target,P3_from_below,,resolved,52,52,True,0,52,True,T21,58,False,,
1,1,L0-301,0,auto_target,P3_from_below,,resolved,50,50,True,0,50,True,T22,54,False,,
1,1,L0-302,0,auto_target,P3_from_below,,resolved,52,52,True,0,52,True,T23,58,False,,
1,1,L0-303,0,auto_target,P3_from_below,,resolved,62,62,True,0,62,True,T24,62,True,0,
1,1,L0-304,0,auto_target,P3_from_below,,resolved,54,54,True,0,54,True,T25,64,False,,
1,1,L0-305,0,auto_target,P3_from_below,,resolved,65,65,True,0,65,True,T26,65,True,0,
1,1,L0-306,0,auto_target,P3_from_below,,resolved,67,67,True,0,67,True,T27,67,True,0,
1,1,L0-307,0,auto_target,P3_from_below,,resolved,58,58,True,0,58,True,T28,63,False,,
1,1,L0-308,0,auto_target,P3_from_below,,resolved,60,60,True,0,60,True,T29,66,False,,
1,1,L0-309,0,auto_target,P3_from_below,,resolved,60,60,True,0,60,True,T30,70,False,,
1,1,L0-310,0,auto_target,P3_from_below,,resolved,64,64,True,0,64,True,T31,72,False,,
1,1,L0-311,0,auto_target,P3_from_below,,resolved,66,66,True,0,66,True,T32,74,False,,
1,1,L0-312,0,auto_target,P3_from_below,,resolved,68,68,True,0,68,True,T33,76,False,,
1,1,L0-313,0,auto_target,P3_from_below,,resolved,60,60,True,0,60,True,T34,70,False,,
1,1,L0-314,0,auto_target,P3_from_below,,resolved,74,74,True,0,74,True,T35,74,True,0,
1,1,L0-315,0,auto_grid,P3_from_below,,no_hit,,,False,,,True,,,,,
1,1,L0-316,0,auto_grid,P3_from_below,,resolved,76,76,True,0,76,True,,,,,
1,1,L0-317,0,auto_grid,P3_from_below,,no_hit,,,False,,,True,,,,,
1,1,L0-318,0,auto_grid,P3_from_below,,no_hit,,,False,,,True,,,,,
1,1,L0-319,0,auto_grid,P3_from_below,,no_hit,,,False,,,True,,,,,
1,1,L0-320,0,auto_grid,P3_from_below,,no_hit,,,False,,,True,,,,,
1,1,L0-321,0,auto_grid,P3_from_below,,no_hit,,,False,,,True,,,,,
1,1,L0-322,0,auto_grid,P3_from_below,,resolved,56,56,True,0,56,True,,,,,
1,1,L0-323,0,auto_grid,P3_from_below,,no_hit,,,False,,,True,,,,,
1,1,L0-324,0,auto_grid,P3_from_below,,no_hit,,,False,,,True,,,,,
1,1,L0-325,0,auto_grid,P3_from_below,,no_hit,,,False,,,True,,,,,
1,1,L0-326,0,auto_grid,P3_from_below,,no_hit,,,False,,,True,,,,,
1,1,L0-327,0,auto_grid,P3_from_below,,resolved,34,34,True,0,34,True,,,,,
1,1,L0-328,0,auto_grid,P3_from_below,,resolved,49,49,True,0,49,True,,,,,
1,1,L0-329,0,auto_grid,P3_from_below,,resolved,69,69,True,0,69,True,,,,,
1,1,L0-330,0,auto_grid,P3_from_below,,no_hit,,,False,,,True,,,,,
1,1,L0-331,0,auto_grid,P3_from_below,,no_hit,,,False,,,True,,,,,
1,1,L0-332,0,auto_grid,P3_from_below,,no_hit,,,False,,,True,,,,,
1,1,L0-333,0,auto_grid,P3_from_below,,resolved,26,26,True,0,26,True,,,,,
1,1,L0-334,0,auto_grid,P3_from_below,,resolved,41,41,True,0,41,True,,,,,
1,1,L0-335,0,auto_grid,P3_from_below,,resolved,58,58,True,0,58,True,,,,,
1,1,L0-336,0,auto_grid,P3_from_below,,no_hit,,,False,,,True,,,,,
1,1,L0-337,0,auto_grid,P3_from_below,,no_hit,,,False,,,True,,,,,
1,1,L0-338,0,auto_grid,P3_from_below,,no_hit,,,False,,,True,,,,,
1,1,L0-339,0,auto_grid,P3_from_below,,no_hit,,,False,,,True,,,,,
1,1,L0-340,0,auto_grid,P3_from_below,,resolved,34,34,True,0,34,True,,,,,
1,1,L0-341,0,auto_grid,P3_from_below,,resolved,49,49,True,0,49,True,,,,,
1,1,L0-342,0,auto_grid,P3_from_below,,no_hit,,,False,,,True,,,,,
1,1,L0-343,0,auto_grid,P3_from_below,,no_hit,,,False,,,True,,,,,
1,1,L0-344,0,auto_grid,P3_from_below,,no_hit,,,False,,,True,,,,,
1,1,L0-345,0,auto_grid,P3_from_below,,no_hit,,,False,,,True,,,,,
1,1,L0-346,0,auto_grid,P3_from_below,,resolved,26,26,True,0,26,True,,,,,
1,1,L0-347,0,auto_grid,P3_from_below,,resolved,41,41,True,0,41,True,,,,,
1,1,L0-348,0,auto_grid,P3_from_below,,resolved,58,58,True,0,58,True,,,,,
1,1,L0-349,0,auto_grid,P3_from_below,,no_hit,,,False,,,True,,,,,
1,1,L0-350,0,auto_grid,P3_from_below,,no_hit,,,False,,,True,,,,,
1,1,L0-351,0,auto_grid,P3_from_below,,no_hit,,,False,,,True,,,,,
1,1,L0-352,0,auto_grid,P3_from_below,,no_hit,,,False,,,True,,,,,
1,1,L0-353,0,auto_grid,P3_from_below,,resolved,35,35,True,0,35,True,,,,,
1,1,L0-354,0,auto_grid,P3_from_below,,resolved,49,49,True,0,49,True,,,,,
1,1,L0-355,0,auto_grid,P3_from_below,,no_hit,,,False,,,True,,,,,
1,1,L0-356,0,auto_grid,P3_from_below,,no_hit,,,False,,,True,,,,,
1,1,L0-357,0,auto_grid,P3_from_below,,no_hit,,,False,,,True,,,,,
1,1,L0-358,0,auto_grid,P3_from_below,,no_hit,,,False,,,True,,,,,
1,1,L0-359,0,auto_grid,P3_from_below,,no_hit,,,False,,,True,,,,,
1,1,L0-360,0,auto_grid,P3_from_below,,resolved,41,41,True,0,41,True,,,,,
1,1,L0-361,0,auto_grid,P3_from_below,,resolved,59,59,True,0,59,True,,,,,
1,1,L0-362,0,auto_grid,P3_from_below,,no_hit,,,False,,,True,,,,,
1,1,L0-363,0,auto_grid,P3_from_below,,no_hit,,,False,,,True,,,,,
1,1,L0-364,0,auto_grid,P3_from_below,,no_hit,,,False,,,True,,,,,
1,1,L0-365,0,auto_grid,P3_from_below,,no_hit,,,False,,,True,,,,,
1,1,L0-366,0,auto_grid,P3_from_below,,no_hit,,,False,,,True,,,,,
1,1,L0-367,0,auto_grid,P3_from_below,,resolved,46,46,True,0,46,True,,,,,
1,1,L0-368,0,auto_grid,P3_from_below,,no_hit,,,False,,,True,,,,,
1,1,L0-369,0,auto_grid,P3_from_below,,no_hit,,,False,,,True,,,,,
1,1,L0-370,0,auto_grid,P3_from_below,,no_hit,,,False,,,True,,,,,
1,1,L0-371,0,auto_grid,P3_from_below,,no_hit,,,False,,,True,,,,,
1,1,L0-372,0,auto_grid,P3_from_below,,no_hit,,,False,,,True,,,,,
1,1,L0-373,0,auto_grid,P3_from_below,,no_hit,,,False,,,True,,,,,
1,1,L0-374,0,auto_grid,P3_from_below,,no_hit,,,False,,,True,,,,,
1,1,L0-375,0,auto_target,P4_close_side,,resolved,25,25,True,0,25,True,T01,27,False,,
1,1,L0-376,0,auto_target,P4_close_side,,resolved,25,25,True,0,25,True,T02,29,False,,
1,1,L0-377,0,auto_target,P4_close_side,,resolved,27,27,True,0,27,True,T05,27,True,0,
1,1,L0-378,0,auto_target,P4_close_side,,resolved,36,36,True,0,36,True,T07,36,True,0,
1,1,L0-379,0,auto_target,P4_close_side,,resolved,38,38,True,0,38,True,T08,38,True,0,
1,1,L0-380,0,auto_target,P4_close_side,,resolved,24,24,True,0,24,True,T09,40,False,,
1,1,L0-381,0,auto_target,P4_close_side,,resolved,23,23,True,0,23,True,T10,35,False,,
1,1,L0-382,0,auto_target,P4_close_side,,resolved,39,39,True,0,39,True,T11,39,True,0,
1,1,L0-383,0,auto_target,P4_close_side,,resolved,41,41,True,0,41,True,T12,43,False,,
1,1,L0-384,0,auto_target,P4_close_side,,resolved,38,38,True,0,38,True,T14,47,False,,
1,1,L0-385,0,auto_target,P4_close_side,,resolved,45,45,True,0,45,True,T16,45,True,0,
1,1,L0-386,0,auto_target,P4_close_side,,resolved,40,40,True,0,40,True,T18,52,False,,
1,1,L0-387,0,auto_target,P4_close_side,,resolved,39,39,True,0,39,True,T19,54,False,,
1,1,L0-388,0,auto_target,P4_close_side,,resolved,47,47,True,0,47,True,T20,56,False,,
1,1,L0-389,0,auto_target,P4_close_side,,resolved,29,29,True,0,29,True,T23,58,False,,
1,1,L0-390,0,auto_target,P4_close_side,,resolved,23,23,True,0,23,True,T25,64,False,,
1,1,L0-391,0,auto_target,P4_close_side,,resolved,27,27,True,0,27,True,T27,67,False,,
1,1,L0-392,0,auto_target,P4_close_side,,resolved,23,23,True,0,23,True,T28,63,False,,
1,1,L0-393,0,auto_target,P4_close_side,,resolved,23,23,True,0,23,True,T30,70,False,,
1,1,L0-394,0,auto_target,P4_close_side,,resolved,23,23,True,0,23,True,T34,70,False,,
1,1,L0-395,0,auto_grid,P4_close_side,,no_hit,,,False,,,True,,,,,
1,1,L0-396,0,auto_grid,P4_close_side,,no_hit,,,False,,,True,,,,,
1,1,L0-397,0,auto_grid,P4_close_side,,no_hit,,,False,,,True,,,,,
1,1,L0-398,0,auto_grid,P4_close_side,,no_hit,,,False,,,True,,,,,
1,1,L0-399,0,auto_grid,P4_close_side,,no_hit,,,False,,,True,,,,,
1,1,L0-400,0,auto_grid,P4_close_side,,no_hit,,,False,,,True,,,,,
1,1,L0-401,0,auto_grid,P4_close_side,,no_hit,,,False,,,True,,,,,
1,1,L0-402,0,auto_grid,P4_close_side,,no_hit,,,False,,,True,,,,,
1,1,L0-403,0,auto_grid,P4_close_side,,no_hit,,,False,,,True,,,,,
1,1,L0-404,0,auto_grid,P4_close_side,,no_hit,,,False,,,True,,,,,
1,1,L0-405,0,auto_grid,P4_close_side,,no_hit,,,False,,,True,,,,,
1,1,L0-406,0,auto_grid,P4_close_side,,no_hit,,,False,,,True,,,,,
1,1,L0-407,0,auto_grid,P4_close_side,,resolved,50,50,True,0,50,True,,,,,
1,1,L0-408,0,auto_grid,P4_close_side,,no_hit,,,False,,,True,,,,,
1,1,L0-409,0,auto_grid,P4_close_side,,no_hit,,,False,,,True,,,,,
1,1,L0-410,0,auto_grid,P4_close_side,,no_hit,,,False,,,True,,,,,
1,1,L0-411,0,auto_grid,P4_close_side,,no_hit,,,False,,,True,,,,,
1,1,L0-412,0,auto_grid,P4_close_side,,no_hit,,,False,,,True,,,,,
1,1,L0-413,0,auto_grid,P4_close_side,,resolved,28,28,True,0,28,True,,,,,
1,1,L0-414,0,auto_grid,P4_close_side,,resolved,31,31,True,0,31,True,,,,,
1,1,L0-415,0,auto_grid,P4_close_side,,resolved,35,35,True,0,35,True,,,,,
1,1,L0-416,0,auto_grid,P4_close_side,,no_hit,,,False,,,True,,,,,
1,1,L0-417,0,auto_grid,P4_close_side,,no_hit,,,False,,,True,,,,,
1,1,L0-418,0,auto_grid,P4_close_side,,no_hit,,,False,,,True,,,,,
1,1,L0-419,0,auto_grid,P4_close_side,,resolved,23,23,True,0,23,True,,,,,
1,1,L0-420,0,auto_grid,P4_close_side,,resolved,25,25,True,0,25,True,,,,,
1,1,L0-421,0,auto_grid,P4_close_side,,resolved,29,29,True,0,29,True,,,,,
1,1,L0-422,0,auto_grid,P4_close_side,,resolved,33,33,True,0,33,True,,,,,
1,1,L0-423,0,auto_grid,P4_close_side,,resolved,37,37,True,0,37,True,,,,,
1,1,L0-424,0,auto_grid,P4_close_side,,resolved,40,40,True,0,40,True,,,,,
1,1,L0-425,0,auto_grid,P4_close_side,,resolved,23,23,True,0,23,True,,,,,
1,1,L0-426,0,auto_grid,P4_close_side,,resolved,23,23,True,0,23,True,,,,,
1,1,L0-427,0,auto_grid,P4_close_side,,resolved,25,25,True,0,25,True,,,,,
1,1,L0-428,0,auto_grid,P4_close_side,,resolved,29,29,True,0,29,True,,,,,
1,1,L0-429,0,auto_grid,P4_close_side,,resolved,32,32,True,0,32,True,,,,,
1,1,L0-430,0,auto_grid,P4_close_side,,resolved,36,36,True,0,36,True,,,,,
1,1,L0-431,0,auto_grid,P4_close_side,,resolved,23,23,True,0,23,True,,,,,
1,1,L0-432,0,auto_grid,P4_close_side,,resolved,23,23,True,0,23,True,,,,,
1,1,L0-433,0,auto_grid,P4_close_side,,resolved,23,23,True,0,23,True,,,,,
1,1,L0-434,0,auto_grid,P4_close_side,,resolved,27,27,True,0,27,True,,,,,
1,1,L0-435,0,auto_grid,P4_close_side,,resolved,31,31,True,0,31,True,,,,,
1,1,L0-436,0,auto_grid,P4_close_side,,resolved,35,35,True,0,35,True,,,,,
1,1,L0-437,0,auto_grid,P4_close_side,,resolved,23,23,True,0,23,True,,,,,
1,1,L0-438,0,auto_grid,P4_close_side,,resolved,23,23,True,0,23,True,,,,,
1,1,L0-439,0,auto_grid,P4_close_side,,resolved,24,24,True,0,24,True,,,,,
1,1,L0-440,0,auto_grid,P4_close_side,,resolved,28,28,True,0,28,True,,,,,
1,1,L0-441,0,auto_grid,P4_close_side,,resolved,31,31,True,0,31,True,,,,,
1,1,L0-442,0,auto_grid,P4_close_side,,resolved,35,35,True,0,35,True,,,,,
1,1,L0-443,0,auto_grid,P4_close_side,,resolved,23,23,True,0,23,True,,,,,
1,1,L0-444,0,auto_grid,P4_close_side,,resolved,23,23,True,0,23,True,,,,,
1,1,L0-445,0,auto_grid,P4_close_side,,resolved,26,26,True,0,26,True,,,,,
1,1,L0-446,0,auto_grid,P4_close_side,,resolved,38,38,True,0,38,True,,,,,
1,1,L0-447,0,auto_grid,P4_close_side,,resolved,37,37,True,0,37,True,,,,,
1,1,L0-448,0,auto_grid,P4_close_side,,resolved,46,46,True,0,46,True,,,,,
1,1,L0-449,0,auto_grid,P4_close_side,,resolved,23,23,True,0,23,True,,,,,
1,1,L0-450,0,auto_grid,P4_close_side,,resolved,25,25,True,0,25,True,,,,,
1,1,L0-451,0,auto_grid,P4_close_side,,no_hit,,,False,,,True,,,,,
1,1,L0-452,0,auto_grid,P4_close_side,,no_hit,,,False,,,True,,,,,
1,1,L0-453,0,auto_grid,P4_close_side,,no_hit,,,False,,,True,,,,,
1,1,L0-454,0,auto_grid,P4_close_side,,no_hit,,,False,,,True,,,,,
1,1,L0-455,0,auto_target,P5_near_top_down,,resolved,25,25,True,0,25,True,T00,25,True,0,
1,1,L0-456,0,auto_target,P5_near_top_down,,resolved,27,27,True,0,27,True,T01,27,True,0,
1,1,L0-457,0,auto_target,P5_near_top_down,,resolved,29,29,True,0,29,True,T02,29,True,0,
1,1,L0-458,0,auto_target,P5_near_top_down,,resolved,35,35,True,0,35,True,T03,31,False,,
1,1,L0-459,0,auto_target,P5_near_top_down,,resolved,25,25,True,0,25,True,T04,23,False,,
1,1,L0-460,0,auto_target,P5_near_top_down,,resolved,27,27,True,0,27,True,T05,27,True,0,
1,1,L0-461,0,auto_target,P5_near_top_down,,resolved,38,38,True,0,38,True,T06,34,False,,
1,1,L0-462,0,auto_target,P5_near_top_down,,resolved,41,41,True,0,41,True,T07,36,False,,
1,1,L0-463,0,auto_target,P5_near_top_down,,resolved,41,41,True,0,41,True,T08,38,False,,
1,1,L0-464,0,auto_target,P5_near_top_down,,resolved,40,40,True,0,40,True,T09,40,True,0,
1,1,L0-465,0,auto_target,P5_near_top_down,,resolved,36,35,True,1,36,True,T10,35,True,1,
1,1,L0-466,0,auto_target,P5_near_top_down,,resolved,39,39,True,0,39,True,T11,39,True,0,
1,1,L0-467,0,auto_target,P5_near_top_down,,resolved,46,46,True,0,46,True,T12,43,False,,
1,1,L0-468,0,auto_target,P5_near_top_down,,resolved,46,46,True,0,46,True,T13,45,False,,
1,1,L0-469,0,auto_target,P5_near_top_down,,resolved,47,47,True,0,47,True,T14,47,True,0,
1,1,L0-470,0,auto_target,P5_near_top_down,,resolved,49,49,True,0,49,True,T15,49,True,0,
1,1,L0-471,0,auto_target,P5_near_top_down,,resolved,45,45,True,0,45,True,T16,45,True,0,
1,1,L0-472,0,auto_target,P5_near_top_down,,resolved,52,52,True,0,52,True,T17,49,False,,
1,1,L0-473,0,auto_target,P5_near_top_down,,resolved,54,54,True,0,54,True,T18,52,False,,
1,1,L0-474,0,auto_target,P5_near_top_down,,resolved,56,56,True,0,56,True,T19,54,False,,
1,1,L0-475,0,auto_target,P5_near_top_down,,resolved,58,58,True,0,58,True,T20,56,False,,
1,1,L0-476,0,auto_target,P5_near_top_down,,resolved,59,58,True,1,59,True,T21,58,False,,
1,1,L0-477,0,auto_target,P5_near_top_down,,resolved,55,54,True,1,55,True,T22,54,True,1,
1,1,L0-478,0,auto_target,P5_near_top_down,,resolved,59,58,True,1,59,True,T23,58,True,1,
1,1,L0-479,0,auto_target,P5_near_top_down,,resolved,62,62,True,0,62,True,T24,62,False,,
1,1,L0-480,0,auto_target,P5_near_top_down,,resolved,64,64,True,0,64,True,T25,64,True,0,
1,1,L0-481,0,auto_target,P5_near_top_down,,resolved,65,65,True,0,65,True,T26,65,False,,
1,1,L0-482,0,auto_target,P5_near_top_down,,resolved,67,67,True,0,67,True,T27,67,False,,
1,1,L0-483,0,auto_target,P5_near_top_down,,resolved,63,63,True,0,63,True,T28,63,False,,
1,1,L0-484,0,auto_target,P5_near_top_down,,resolved,66,66,True,0,66,True,T29,66,False,,
1,1,L0-485,0,auto_target,P5_near_top_down,,resolved,70,70,True,0,70,True,T30,70,False,,
1,1,L0-486,0,auto_target,P5_near_top_down,,resolved,72,72,True,0,72,True,T31,72,True,0,
1,1,L0-487,0,auto_target,P5_near_top_down,,resolved,74,74,True,0,74,True,T32,74,True,0,
1,1,L0-488,0,auto_target,P5_near_top_down,,resolved,76,76,True,0,76,True,T33,76,True,0,
1,1,L0-489,0,auto_target,P5_near_top_down,,resolved,70,70,True,0,70,True,T34,70,False,,
1,1,L0-490,0,auto_target,P5_near_top_down,,resolved,74,74,True,0,74,True,T35,74,False,,
1,1,L0-491,0,auto_grid,P5_near_top_down,,no_hit,,,False,,,True,,,,,
1,1,L0-492,0,auto_grid,P5_near_top_down,,no_hit,,,False,,,True,,,,,
1,1,L0-493,0,auto_grid,P5_near_top_down,,resolved,78,78,True,0,78,True,,,,,
1,1,L0-494,0,auto_grid,P5_near_top_down,,no_hit,,,False,,,True,,,,,
1,1,L0-495,0,auto_grid,P5_near_top_down,,no_hit,,,False,,,True,,,,,
1,1,L0-496,0,auto_grid,P5_near_top_down,,no_hit,,,False,,,True,,,,,
1,1,L0-497,0,auto_grid,P5_near_top_down,,no_hit,,,False,,,True,,,,,
1,1,L0-498,0,auto_grid,P5_near_top_down,,no_hit,,,False,,,True,,,,,
1,1,L0-499,0,auto_grid,P5_near_top_down,,no_hit,,,False,,,True,,,,,
1,1,L0-500,0,auto_grid,P5_near_top_down,,resolved,53,53,True,0,53,True,,,,,
1,1,L0-501,0,auto_grid,P5_near_top_down,,resolved,27,27,True,0,27,True,,,,,
1,1,L0-502,0,auto_grid,P5_near_top_down,,no_hit,,,False,,,True,,,,,
1,1,L0-503,0,auto_grid,P5_near_top_down,,no_hit,,,False,,,True,,,,,
1,1,L0-504,0,auto_grid,P5_near_top_down,,no_hit,,,False,,,True,,,,,
1,1,L0-505,0,auto_grid,P5_near_top_down,,no_hit,,,False,,,True,,,,,
1,1,L0-506,0,auto_grid,P5_near_top_down,,resolved,54,53,True,1,54,True,,,,,
1,1,L0-507,0,auto_grid,P5_near_top_down,,resolved,30,30,True,0,30,True,,,,,
1,1,L0-508,0,auto_grid,P5_near_top_down,,no_hit,,,False,,,True,,,,,
1,1,L0-509,0,auto_grid,P5_near_top_down,,no_hit,,,False,,,True,,,,,
1,1,L0-510,0,auto_grid,P5_near_top_down,,no_hit,,,False,,,True,,,,,
1,1,L0-511,0,auto_grid,P5_near_top_down,,no_hit,,,False,,,True,,,,,
1,1,L0-512,0,auto_grid,P5_near_top_down,,resolved,54,54,True,0,54,True,,,,,
1,1,L0-513,0,auto_grid,P5_near_top_down,,resolved,29,29,True,0,29,True,,,,,
1,1,L0-514,0,auto_grid,P5_near_top_down,,no_hit,,,False,,,True,,,,,
1,1,L0-515,0,auto_grid,P5_near_top_down,,no_hit,,,False,,,True,,,,,
1,1,L0-516,0,auto_grid,P5_near_top_down,,no_hit,,,False,,,True,,,,,
1,1,L0-517,0,auto_grid,P5_near_top_down,,no_hit,,,False,,,True,,,,,
1,1,L0-518,0,auto_grid,P5_near_top_down,,resolved,54,54,True,0,54,True,,,,,
1,1,L0-519,0,auto_grid,P5_near_top_down,,no_hit,,,False,,,True,,,,,
1,1,L0-520,0,auto_grid,P5_near_top_down,,no_hit,,,False,,,True,,,,,
1,1,L0-521,0,auto_grid,P5_near_top_down,,no_hit,,,False,,,True,,,,,
1,1,L0-522,0,auto_grid,P5_near_top_down,,no_hit,,,False,,,True,,,,,
1,1,L0-523,0,auto_grid,P5_near_top_down,,no_hit,,,False,,,True,,,,,
1,1,L0-524,0,auto_grid,P5_near_top_down,,resolved,55,55,True,0,55,True,,,,,
1,1,L0-525,0,auto_grid,P5_near_top_down,,no_hit,,,False,,,True,,,,,
1,1,L0-526,0,auto_grid,P5_near_top_down,,no_hit,,,False,,,True,,,,,
1,1,L0-527,0,auto_grid,P5_near_top_down,,no_hit,,,False,,,True,,,,,
1,1,L0-528,0,auto_grid,P5_near_top_down,,no_hit,,,False,,,True,,,,,
1,1,L0-529,0,auto_grid,P5_near_top_down,,no_hit,,,False,,,True,,,,,
1,1,L0-530,0,auto_grid,P5_near_top_down,,resolved,55,55,True,0,55,True,,,,,
1,1,L0-531,0,auto_grid,P5_near_top_down,,no_hit,,,False,,,True,,,,,
1,1,L0-532,0,auto_grid,P5_near_top_down,,no_hit,,,False,,,True,,,,,
1,1,L0-533,0,auto_grid,P5_near_top_down,,no_hit,,,False,,,True,,,,,
1,1,L0-534,0,auto_grid,P5_near_top_down,,no_hit,,,False,,,True,,,,,
1,1,L0-535,0,auto_grid,P5_near_top_down,,no_hit,,,False,,,True,,,,,
1,1,L0-536,0,auto_grid,P5_near_top_down,,no_hit,,,False,,,True,,,,,
1,1,L0-537,0,auto_grid,P5_near_top_down,,no_hit,,,False,,,True,,,,,
1,1,L0-538,0,auto_grid,P5_near_top_down,,no_hit,,,False,,,True,,,,,
1,1,L0-539,0,auto_grid,P5_near_top_down,,no_hit,,,False,,,True,,,,,
1,1,L0-540,0,auto_grid,P5_near_top_down,,no_hit,,,False,,,True,,,,,
1,1,L0-541,0,auto_grid,P5_near_top_down,,no_hit,,,False,,,True,,,,,
1,1,L0-542,0,auto_grid,P5_near_top_down,,no_hit,,,False,,,True,,,,,
1,1,L0-543,0,auto_grid,P5_near_top_down,,no_hit,,,False,,,True,,,,,
1,1,L0-544,0,auto_grid,P5_near_top_down,,no_hit,,,False,,,True,,,,,
1,1,L0-545,0,auto_grid,P5_near_top_down,,no_hit,,,False,,,True,,,,,
1,1,L0-546,0,auto_grid,P5_near_top_down,,no_hit,,,False,,,True,,,,,
1,1,L0-547,0,auto_grid,P5_near_top_down,,no_hit,,,False,,,True,,,,,
1,1,L0-548,0,auto_grid,P5_near_top_down,,no_hit,,,False,,,True,,,,,
1,1,L0-549,0,auto_grid,P5_near_top_down,,no_hit,,,False,,,True,,,,,
1,1,L0-550,0,auto_grid,P5_near_top_down,,no_hit,,,False,,,True,,,,,
1,1,L0-551,0,target_at_current_camera,current,,resolved,63,63,True,0,63,True,T01,27,False,,
1,1,L0-552,0,target_at_current_camera,current,,resolved,62,61,True,1,62,True,T02,29,False,,
1,1,L0-553,0,target_at_current_camera,current,,resolved,56,56,True,0,56,True,T05,27,False,,
1,1,L0-554,0,target_at_current_camera,current,,resolved,36,36,True,0,36,True,T07,36,True,0,
1,1,L0-555,0,target_at_current_camera,current,,resolved,45,45,True,0,45,True,T08,38,False,,
1,1,L0-556,0,target_at_current_camera,current,,resolved,65,64,True,1,65,True,T09,40,False,,
1,1,L0-557,0,target_at_current_camera,current,,resolved,65,64,True,1,65,True,T10,35,False,,
1,1,L0-558,0,target_at_current_camera,current,,resolved,61,60,True,1,61,True,T11,39,False,,
1,1,L0-559,0,target_at_current_camera,current,,resolved,43,43,True,0,43,True,T12,43,True,0,
1,1,L0-560,0,target_at_current_camera,current,,resolved,66,65,True,1,66,True,T14,47,False,,
1,1,L0-561,0,target_at_current_camera,current,,resolved,62,62,True,0,62,True,T16,45,False,,
1,1,L0-562,0,target_at_current_camera,current,,resolved,52,52,True,0,52,True,T18,52,True,0,
1,1,L0-563,0,target_at_current_camera,current,,resolved,54,54,True,0,54,True,T19,54,True,0,
1,1,L0-564,0,target_at_current_camera,current,,resolved,56,56,True,0,56,True,T20,56,True,0,
1,1,L0-565,0,target_at_current_camera,current,,resolved,63,62,True,1,63,True,T23,58,False,,
1,1,L0-566,0,target_at_current_camera,current,,resolved,68,68,True,0,68,True,T25,64,False,,
1,1,L0-567,0,target_at_current_camera,current,,resolved,67,67,True,0,67,True,T27,67,True,0,
1,1,L0-568,0,target_at_current_camera,current,,resolved,69,68,True,1,69,True,T28,63,False,,
1,1,L0-569,0,target_at_current_camera,current,,resolved,70,70,True,0,70,True,T30,70,True,0,
1,1,L0-570,0,target_at_current_camera,current,,resolved,71,70,True,1,71,True,T34,70,True,1,
1,1,L0-571,0,target_at_current_camera,current,,resolved,38,38,True,0,38,True,T08,38,True,0,
1,1,L0-572,0,target_at_current_camera,current,,resolved,45,45,True,0,45,True,T13,45,True,0,
1,1,L0-573,0,target_at_current_camera,current,,resolved,42,42,True,0,42,True,T15,49,False,,
1,1,L0-574,0,target_at_current_camera,current,,resolved,37,37,True,0,37,True,T16,45,False,,
1,1,L0-575,0,target_at_current_camera,current,,resolved,43,43,True,0,43,True,T24,62,False,,
1,1,L0-576,0,tap,,background,resolved,29,29,True,0,29,True,,,,,
1,1,L0-577,0,tap,,background,resolved,41,41,True,0,41,True,,,,,
1,1,L0-578,0,tap,,background,resolved,24,24,True,0,24,True,,,,,
1,1,L0-579,0,tap,,background,resolved,30,30,True,0,30,True,,,,,
1,1,L0-580,0,tap,,background,resolved,47,47,True,0,47,True,,,,,
1,1,L0-581,0,tap,,background,resolved,56,56,True,0,56,True,,,,,
1,1,L0-582,0,tap,,background,resolved,50,50,True,0,50,True,,,,,
1,1,L0-583,0,tap,,background,resolved,31,31,True,0,31,True,,,,,
1,1,L0-584,0,tap,,background,resolved,37,37,True,0,37,True,,,,,
1,1,L0-585,0,tap,,surface,no_hit,,,False,,,True,,,,,
1,1,L0-586,0,tap,,surface,no_hit,,,False,,,True,,,,,
1,1,L0-587,0,tap,,surface,no_hit,,,False,,,True,,,,,
1,1,L0-588,0,tap,,surface,no_hit,,,False,,,True,,,,,
1,1,L0-589,0,tap,,surface,no_hit,,,False,,,True,,,,,
1,1,L0-590,0,tap,,surface,no_hit,,,False,,,True,,,,,
1,1,L0-591,0,tap,,surface,no_hit,,,False,,,True,,,,,
1,1,L0-592,0,tap,,surface,no_hit,,,False,,,True,,,,,
1,1,L0-593,0,tap,,surface,no_hit,,,False,,,True,,,,,
1,1,L0-594,0,tap,,surface,no_hit,,,False,,,True,,,,,
1,1,L0-595,0,tap,,surface,no_hit,,,False,,,True,,,,,
1,1,L0-596,0,tap,,surface,no_hit,,,False,,,True,,,,,
1,1,L0-597,0,tap,,surface,no_hit,,,False,,,True,,,,,
1,1,L0-598,0,tap,,surface,no_hit,,,False,,,True,,,,,
1,1,L0-599,0,tap,,surface,no_hit,,,False,,,True,,,,,
2,1,L1-1,1,auto_target,P0_fit,,resolved,69,69,True,0,69,True,T00,25,False,,
2,1,L1-2,1,auto_target,P0_fit,,resolved,27,27,True,0,27,True,T01,27,True,0,
2,1,L1-3,1,auto_target,P0_fit,,resolved,29,29,True,0,29,True,T02,29,True,0,
2,1,L1-4,1,auto_target,P0_fit,,resolved,61,60,True,1,61,True,T03,31,False,,
2,1,L1-5,1,auto_target,P0_fit,,resolved,51,51,True,0,51,True,T04,23,False,,
2,1,L1-6,1,auto_target,P0_fit,,resolved,54,53,True,1,54,True,T05,27,False,,
2,1,L1-7,1,auto_target,P0_fit,,resolved,60,59,True,1,60,True,T06,34,False,,
2,1,L1-8,1,auto_target,P0_fit,,resolved,64,64,True,0,64,True,T07,36,False,,
2,1,L1-9,1,auto_target,P0_fit,,resolved,67,66,True,1,67,True,T08,38,False,,
2,1,L1-10,1,auto_target,P0_fit,,resolved,51,51,True,0,51,True,T09,40,False,,
2,1,L1-11,1,auto_target,P0_fit,,resolved,36,35,True,1,36,True,T10,35,True,1,
2,1,L1-12,1,auto_target,P0_fit,,resolved,46,46,True,0,46,True,T11,39,False,,
2,1,L1-13,1,auto_target,P0_fit,,resolved,59,59,True,0,59,True,T12,43,False,,
2,1,L1-14,1,auto_target,P0_fit,,resolved,49,47,True,2,49,True,T13,45,False,,
2,1,L1-15,1,auto_target,P0_fit,,resolved,47,47,True,0,47,True,T14,47,True,0,
2,1,L1-16,1,auto_target,P0_fit,,resolved,49,49,True,0,49,True,T15,49,True,0,
2,1,L1-17,1,auto_target,P0_fit,,resolved,46,46,True,0,46,True,T16,45,False,,
2,1,L1-18,1,auto_target,P0_fit,,resolved,71,70,True,1,71,True,T17,49,False,,
2,1,L1-19,1,auto_target,P0_fit,,resolved,55,54,True,1,55,True,T18,52,False,,
2,1,L1-20,1,auto_target,P0_fit,,resolved,55,54,True,1,55,True,T19,54,True,1,
2,1,L1-21,1,auto_target,P0_fit,,no_hit,,56,False,,,True,T20,56,,,
2,1,L1-22,1,auto_target,P0_fit,,resolved,69,69,True,0,69,True,T21,58,False,,
2,1,L1-23,1,auto_target,P0_fit,,resolved,55,54,True,1,55,True,T22,54,True,1,
2,1,L1-24,1,auto_target,P0_fit,,resolved,59,58,True,1,59,True,T23,58,True,1,
2,1,L1-25,1,auto_target,P0_fit,,resolved,70,69,True,1,70,True,T24,62,False,,
2,1,L1-26,1,auto_target,P0_fit,,resolved,71,70,True,1,71,True,T25,64,False,,
2,1,L1-27,1,auto_target,P0_fit,,resolved,71,71,True,0,71,True,T26,65,False,,
2,1,L1-28,1,auto_target,P0_fit,,resolved,67,67,True,0,67,True,T27,67,True,0,
2,1,L1-29,1,auto_target,P0_fit,,resolved,69,69,True,0,69,True,T28,63,False,,
2,1,L1-30,1,auto_target,P0_fit,,resolved,72,71,True,1,72,True,T29,66,False,,
2,1,L1-31,1,auto_target,P0_fit,,resolved,71,70,True,1,71,True,T30,70,True,1,
2,1,L1-32,1,auto_target,P0_fit,,resolved,74,74,True,0,74,True,T31,72,False,,
2,1,L1-33,1,auto_target,P0_fit,,resolved,76,76,True,0,76,True,T32,74,False,,
2,1,L1-34,1,auto_target,P0_fit,,no_hit,,76,False,,,True,T33,76,,,
2,1,L1-35,1,auto_target,P0_fit,,resolved,71,70,True,1,71,True,T34,70,True,1,
2,1,L1-36,1,auto_target,P0_fit,,resolved,75,74,True,1,75,True,T35,74,True,1,
2,1,L1-37,1,auto_grid,P0_fit,,no_hit,,,False,,,True,,,,,
2,1,L1-38,1,auto_grid,P0_fit,,no_hit,,,False,,,True,,,,,
2,1,L1-39,1,auto_grid,P0_fit,,no_hit,,,False,,,True,,,,,
2,1,L1-40,1,auto_grid,P0_fit,,no_hit,,,False,,,True,,,,,
2,1,L1-41,1,auto_grid,P0_fit,,no_hit,,,False,,,True,,,,,
2,1,L1-42,1,auto_grid,P0_fit,,no_hit,,,False,,,True,,,,,
2,1,L1-43,1,auto_grid,P0_fit,,no_hit,,,False,,,True,,,,,
2,1,L1-44,1,auto_grid,P0_fit,,no_hit,,,False,,,True,,,,,
2,1,L1-45,1,auto_grid,P0_fit,,no_hit,,,False,,,True,,,,,
2,1,L1-46,1,auto_grid,P0_fit,,no_hit,,,False,,,True,,,,,
2,1,L1-47,1,auto_grid,P0_fit,,no_hit,,,False,,,True,,,,,
2,1,L1-48,1,auto_grid,P0_fit,,no_hit,,,False,,,True,,,,,
2,1,L1-49,1,auto_grid,P0_fit,,no_hit,,,False,,,True,,,,,
2,1,L1-50,1,auto_grid,P0_fit,,no_hit,,,False,,,True,,,,,
2,1,L1-51,1,auto_grid,P0_fit,,no_hit,,,False,,,True,,,,,
2,1,L1-52,1,auto_grid,P0_fit,,no_hit,,,False,,,True,,,,,
2,1,L1-53,1,auto_grid,P0_fit,,no_hit,,,False,,,True,,,,,
2,1,L1-54,1,auto_grid,P0_fit,,no_hit,,,False,,,True,,,,,
2,1,L1-55,1,auto_grid,P0_fit,,resolved,50,49,True,1,50,True,,,,,
2,1,L1-56,1,auto_grid,P0_fit,,no_hit,,,False,,,True,,,,,
2,1,L1-57,1,auto_grid,P0_fit,,no_hit,,,False,,,True,,,,,
2,1,L1-58,1,auto_grid,P0_fit,,no_hit,,,False,,,True,,,,,
2,1,L1-59,1,auto_grid,P0_fit,,no_hit,,,False,,,True,,,,,
2,1,L1-60,1,auto_grid,P0_fit,,no_hit,,,False,,,True,,,,,
2,1,L1-61,1,auto_grid,P0_fit,,no_hit,,,False,,,True,,,,,
2,1,L1-62,1,auto_grid,P0_fit,,resolved,55,54,True,1,55,True,,,,,
2,1,L1-63,1,auto_grid,P0_fit,,resolved,60,59,True,1,60,True,,,,,
2,1,L1-64,1,auto_grid,P0_fit,,resolved,65,64,True,1,65,True,,,,,
2,1,L1-65,1,auto_grid,P0_fit,,resolved,60,59,True,1,60,True,,,,,
2,1,L1-66,1,auto_grid,P0_fit,,no_hit,,,False,,,True,,,,,
2,1,L1-67,1,auto_grid,P0_fit,,no_hit,,,False,,,True,,,,,
2,1,L1-68,1,auto_grid,P0_fit,,resolved,63,63,True,0,63,True,,,,,
2,1,L1-69,1,auto_grid,P0_fit,,resolved,62,61,True,1,62,True,,,,,
2,1,L1-70,1,auto_grid,P0_fit,,resolved,64,63,True,1,64,True,,,,,
2,1,L1-71,1,auto_grid,P0_fit,,resolved,62,61,True,1,62,True,,,,,
2,1,L1-72,1,auto_grid,P0_fit,,resolved,79,78,True,1,79,True,,,,,
2,1,L1-73,1,auto_grid,P0_fit,,no_hit,,,False,,,True,,,,,
2,1,L1-74,1,auto_grid,P0_fit,,no_hit,,,False,,,True,,,,,
2,1,L1-75,1,auto_grid,P0_fit,,resolved,49,48,True,1,49,True,,,,,
2,1,L1-76,1,auto_grid,P0_fit,,resolved,45,45,True,0,45,True,,,,,
2,1,L1-77,1,auto_grid,P0_fit,,resolved,70,69,True,1,70,True,,,,,
2,1,L1-78,1,auto_grid,P0_fit,,no_hit,,,False,,,True,,,,,
2,1,L1-79,1,auto_grid,P0_fit,,no_hit,,,False,,,True,,,,,
2,1,L1-80,1,auto_grid,P0_fit,,no_hit,,,False,,,True,,,,,
2,1,L1-81,1,auto_grid,P0_fit,,no_hit,,,False,,,True,,,,,
2,1,L1-82,1,auto_grid,P0_fit,,no_hit,,,False,,,True,,,,,
2,1,L1-83,1,auto_grid,P0_fit,,no_hit,,,False,,,True,,,,,
2,1,L1-84,1,auto_grid,P0_fit,,no_hit,,,False,,,True,,,,,
2,1,L1-85,1,auto_grid,P0_fit,,no_hit,,,False,,,True,,,,,
2,1,L1-86,1,auto_grid,P0_fit,,no_hit,,,False,,,True,,,,,
2,1,L1-87,1,auto_grid,P0_fit,,no_hit,,,False,,,True,,,,,
2,1,L1-88,1,auto_grid,P0_fit,,no_hit,,,False,,,True,,,,,
2,1,L1-89,1,auto_grid,P0_fit,,no_hit,,,False,,,True,,,,,
2,1,L1-90,1,auto_grid,P0_fit,,no_hit,,,False,,,True,,,,,
2,1,L1-91,1,auto_grid,P0_fit,,no_hit,,,False,,,True,,,,,
2,1,L1-92,1,auto_grid,P0_fit,,no_hit,,,False,,,True,,,,,
2,1,L1-93,1,auto_grid,P0_fit,,no_hit,,,False,,,True,,,,,
2,1,L1-94,1,auto_grid,P0_fit,,no_hit,,,False,,,True,,,,,
2,1,L1-95,1,auto_grid,P0_fit,,no_hit,,,False,,,True,,,,,
2,1,L1-96,1,auto_grid,P0_fit,,no_hit,,,False,,,True,,,,,
2,1,L1-97,1,auto_target,P1_zoom_in,,resolved,66,66,True,0,66,True,T01,27,False,,
2,1,L1-98,1,auto_target,P1_zoom_in,,resolved,65,65,True,0,65,True,T02,29,False,,
2,1,L1-99,1,auto_target,P1_zoom_in,,resolved,61,61,True,0,61,True,T05,27,False,,
2,1,L1-100,1,auto_target,P1_zoom_in,,resolved,36,36,True,0,36,True,T07,36,True,0,
2,1,L1-101,1,auto_target,P1_zoom_in,,resolved,49,49,True,0,49,True,T08,38,False,,
2,1,L1-102,1,auto_target,P1_zoom_in,,resolved,68,68,True,0,68,True,T09,40,False,,
2,1,L1-103,1,auto_target,P1_zoom_in,,resolved,68,67,True,1,68,True,T10,35,False,,
2,1,L1-104,1,auto_target,P1_zoom_in,,resolved,67,66,True,1,67,True,T11,39,False,,
2,1,L1-105,1,auto_target,P1_zoom_in,,resolved,47,48,True,1,47,True,T12,43,False,,
2,1,L1-106,1,auto_target,P1_zoom_in,,resolved,47,47,True,0,47,True,T13,45,False,,
2,1,L1-107,1,auto_target,P1_zoom_in,,resolved,69,68,True,1,69,True,T14,47,False,,
2,1,L1-108,1,auto_target,P1_zoom_in,,resolved,52,52,True,0,52,True,T15,49,False,,
2,1,L1-109,1,auto_target,P1_zoom_in,,resolved,63,62,True,1,63,True,T16,45,False,,
2,1,L1-110,1,auto_target,P1_zoom_in,,resolved,52,52,True,0,52,True,T18,52,True,0,
2,1,L1-111,1,auto_target,P1_zoom_in,,resolved,54,54,True,0,54,True,T19,54,True,0,
2,1,L1-112,1,auto_target,P1_zoom_in,,resolved,55,56,True,1,55,True,T20,56,True,1,
2,1,L1-113,1,auto_target,P1_zoom_in,,resolved,66,67,True,1,66,True,T21,58,False,,
2,1,L1-114,1,auto_target,P1_zoom_in,,resolved,65,64,True,1,65,True,T23,58,False,,
2,1,L1-115,1,auto_target,P1_zoom_in,,resolved,63,63,True,0,63,True,T24,62,False,,
2,1,L1-116,1,auto_target,P1_zoom_in,,resolved,76,75,True,1,76,True,T25,64,False,,
2,1,L1-117,1,auto_target,P1_zoom_in,,resolved,65,65,True,0,65,True,T26,65,True,0,
2,1,L1-118,1,auto_target,P1_zoom_in,,resolved,67,67,True,0,67,True,T27,67,True,0,
2,1,L1-119,1,auto_target,P1_zoom_in,,resolved,69,69,True,0,69,True,T28,63,False,,
2,1,L1-120,1,auto_target,P1_zoom_in,,resolved,66,67,True,1,66,True,T29,66,True,0,
2,1,L1-121,1,auto_target,P1_zoom_in,,resolved,70,70,True,0,70,True,T30,70,True,0,
2,1,L1-122,1,auto_grid,P1_zoom_in,,no_hit,,,False,,,True,,,,,
2,1,L1-123,1,auto_grid,P1_zoom_in,,no_hit,,,False,,,True,,,,,
2,1,L1-124,1,auto_grid,P1_zoom_in,,no_hit,,,False,,,True,,,,,
2,1,L1-125,1,auto_grid,P1_zoom_in,,no_hit,,,False,,,True,,,,,
2,1,L1-126,1,auto_grid,P1_zoom_in,,no_hit,,,False,,,True,,,,,
2,1,L1-127,1,auto_grid,P1_zoom_in,,no_hit,,,False,,,True,,,,,
2,1,L1-128,1,auto_grid,P1_zoom_in,,no_hit,,,False,,,True,,,,,
2,1,L1-129,1,auto_grid,P1_zoom_in,,no_hit,,,False,,,True,,,,,
2,1,L1-130,1,auto_grid,P1_zoom_in,,no_hit,,,False,,,True,,,,,
2,1,L1-131,1,auto_grid,P1_zoom_in,,no_hit,,,False,,,True,,,,,
2,1,L1-132,1,auto_grid,P1_zoom_in,,no_hit,,,False,,,True,,,,,
2,1,L1-133,1,auto_grid,P1_zoom_in,,no_hit,,,False,,,True,,,,,
2,1,L1-134,1,auto_grid,P1_zoom_in,,no_hit,,,False,,,True,,,,,
2,1,L1-135,1,auto_grid,P1_zoom_in,,resolved,51,50,True,1,51,True,,,,,
2,1,L1-136,1,auto_grid,P1_zoom_in,,no_hit,,,False,,,True,,,,,
2,1,L1-137,1,auto_grid,P1_zoom_in,,no_hit,,,False,,,True,,,,,
2,1,L1-138,1,auto_grid,P1_zoom_in,,no_hit,,,False,,,True,,,,,
2,1,L1-139,1,auto_grid,P1_zoom_in,,no_hit,,,False,,,True,,,,,
2,1,L1-140,1,auto_grid,P1_zoom_in,,no_hit,,,False,,,True,,,,,
2,1,L1-141,1,auto_grid,P1_zoom_in,,no_hit,,,False,,,True,,,,,
2,1,L1-142,1,auto_grid,P1_zoom_in,,resolved,45,45,True,0,45,True,,,,,
2,1,L1-143,1,auto_grid,P1_zoom_in,,no_hit,,,False,,,True,,,,,
2,1,L1-144,1,auto_grid,P1_zoom_in,,no_hit,,,False,,,True,,,,,
2,1,L1-145,1,auto_grid,P1_zoom_in,,no_hit,,,False,,,True,,,,,
2,1,L1-146,1,auto_grid,P1_zoom_in,,resolved,71,70,True,1,71,True,,,,,
2,1,L1-147,1,auto_grid,P1_zoom_in,,resolved,62,62,True,0,62,True,,,,,
2,1,L1-148,1,auto_grid,P1_zoom_in,,resolved,57,57,True,0,57,True,,,,,
2,1,L1-149,1,auto_grid,P1_zoom_in,,resolved,54,54,True,0,54,True,,,,,
2,1,L1-150,1,auto_grid,P1_zoom_in,,resolved,51,51,True,0,51,True,,,,,
2,1,L1-151,1,auto_grid,P1_zoom_in,,no_hit,,,False,,,True,,,,,
2,1,L1-152,1,auto_grid,P1_zoom_in,,no_hit,,,False,,,True,,,,,
2,1,L1-153,1,auto_grid,P1_zoom_in,,no_hit,,,False,,,True,,,,,
2,1,L1-154,1,auto_grid,P1_zoom_in,,resolved,63,62,True,1,63,True,,,,,
2,1,L1-155,1,auto_grid,P1_zoom_in,,resolved,62,62,True,0,62,True,,,,,
2,1,L1-156,1,auto_grid,P1_zoom_in,,resolved,61,60,True,1,61,True,,,,,
2,1,L1-157,1,auto_grid,P1_zoom_in,,resolved,60,59,True,1,60,True,,,,,
2,1,L1-158,1,auto_grid,P1_zoom_in,,no_hit,,,False,,,True,,,,,
2,1,L1-159,1,auto_grid,P1_zoom_in,,no_hit,,,False,,,True,,,,,
2,1,L1-160,1,auto_grid,P1_zoom_in,,no_hit,,,False,,,True,,,,,
2,1,L1-161,1,auto_grid,P1_zoom_in,,resolved,69,68,True,1,69,True,,,,,
2,1,L1-162,1,auto_grid,P1_zoom_in,,resolved,64,64,True,0,64,True,,,,,
2,1,L1-163,1,auto_grid,P1_zoom_in,,resolved,61,60,True,1,61,True,,,,,
2,1,L1-164,1,auto_grid,P1_zoom_in,,no_hit,,,False,,,True,,,,,
2,1,L1-165,1,auto_grid,P1_zoom_in,,no_hit,,,False,,,True,,,,,
2,1,L1-166,1,auto_grid,P1_zoom_in,,no_hit,,,False,,,True,,,,,
2,1,L1-167,1,auto_grid,P1_zoom_in,,resolved,63,62,True,1,63,True,,,,,
2,1,L1-168,1,auto_grid,P1_zoom_in,,resolved,69,69,True,0,69,True,,,,,
2,1,L1-169,1,auto_grid,P1_zoom_in,,resolved,55,55,True,0,55,True,,,,,
2,1,L1-170,1,auto_grid,P1_zoom_in,,no_hit,,,False,,,True,,,,,
2,1,L1-171,1,auto_grid,P1_zoom_in,,no_hit,,,False,,,True,,,,,
2,1,L1-172,1,auto_grid,P1_zoom_in,,no_hit,,,False,,,True,,,,,
2,1,L1-173,1,auto_grid,P1_zoom_in,,resolved,69,68,True,1,69,True,,,,,
2,1,L1-174,1,auto_grid,P1_zoom_in,,resolved,72,72,True,0,72,True,,,,,
2,1,L1-175,1,auto_grid,P1_zoom_in,,resolved,69,68,True,1,69,True,,,,,
2,1,L1-176,1,auto_grid,P1_zoom_in,,no_hit,,,False,,,True,,,,,
2,1,L1-177,1,auto_grid,P1_zoom_in,,no_hit,,,False,,,True,,,,,
2,1,L1-178,1,auto_grid,P1_zoom_in,,no_hit,,,False,,,True,,,,,
2,1,L1-179,1,auto_grid,P1_zoom_in,,no_hit,,,False,,,True,,,,,
2,1,L1-180,1,auto_grid,P1_zoom_in,,resolved,75,74,True,1,75,True,,,,,
2,1,L1-181,1,auto_grid,P1_zoom_in,,resolved,72,72,True,0,72,True,,,,,
2,1,L1-182,1,auto_target,P2_zoom_out_high,,resolved,25,25,True,0,25,True,T00,25,True,0,
2,1,L1-183,1,auto_target,P2_zoom_out_high,,resolved,27,27,True,0,27,True,T01,27,True,0,
2,1,L1-184,1,auto_target,P2_zoom_out_high,,resolved,29,29,True,0,29,True,T02,29,True,0,
2,1,L1-185,1,auto_target,P2_zoom_out_high,,resolved,25,25,True,0,25,True,T03,31,False,,
2,1,L1-186,1,auto_target,P2_zoom_out_high,,resolved,23,23,True,0,23,True,T04,23,True,0,
2,1,L1-187,1,auto_target,P2_zoom_out_high,,resolved,27,27,True,0,27,True,T05,27,False,,
2,1,L1-188,1,auto_target,P2_zoom_out_high,,resolved,27,27,True,0,27,True,T06,34,False,,
2,1,L1-189,1,auto_target,P2_zoom_out_high,,resolved,23,23,True,0,23,True,T07,36,False,,
2,1,L1-190,1,auto_target,P2_zoom_out_high,,resolved,33,33,True,0,33,True,T08,38,False,,
2,1,L1-191,1,auto_target,P2_zoom_out_high,,resolved,40,40,True,0,40,True,T09,40,True,0,
2,1,L1-192,1,auto_target,P2_zoom_out_high,,resolved,35,35,True,0,35,True,T10,35,True,0,
2,1,L1-193,1,auto_target,P2_zoom_out_high,,resolved,38,39,True,1,38,True,T11,39,True,1,
2,1,L1-194,1,auto_target,P2_zoom_out_high,,resolved,24,24,True,0,24,True,T12,43,False,,
2,1,L1-195,1,auto_target,P2_zoom_out_high,,resolved,42,42,True,0,42,True,T13,45,False,,
2,1,L1-196,1,auto_target,P2_zoom_out_high,,resolved,47,47,True,0,47,True,T14,47,True,0,
2,1,L1-197,1,auto_target,P2_zoom_out_high,,no_hit,,49,False,,,True,T15,49,,,
2,1,L1-198,1,auto_target,P2_zoom_out_high,,resolved,45,45,True,0,45,True,T16,45,True,0,
2,1,L1-199,1,auto_target,P2_zoom_out_high,,resolved,38,38,True,0,38,True,T17,49,False,,
2,1,L1-200,1,auto_target,P2_zoom_out_high,,resolved,31,31,True,0,31,True,T18,52,False,,
2,1,L1-201,1,auto_target,P2_zoom_out_high,,resolved,37,37,True,0,37,True,T19,54,False,,
2,1,L1-202,1,auto_target,P2_zoom_out_high,,resolved,32,32,True,0,32,True,T20,56,False,,
2,1,L1-203,1,auto_target,P2_zoom_out_high,,resolved,47,48,True,1,47,True,T21,58,False,,
2,1,L1-204,1,auto_target,P2_zoom_out_high,,resolved,47,48,True,1,47,True,T22,54,False,,
2,1,L1-205,1,auto_target,P2_zoom_out_high,,resolved,58,58,True,0,58,True,T23,58,True,0,
2,1,L1-206,1,auto_target,P2_zoom_out_high,,resolved,57,58,True,1,57,True,T24,62,False,,
2,1,L1-207,1,auto_target,P2_zoom_out_high,,resolved,64,64,True,0,64,True,T25,64,True,0,
2,1,L1-208,1,auto_target,P2_zoom_out_high,,resolved,51,51,True,0,51,True,T26,65,False,,
2,1,L1-209,1,auto_target,P2_zoom_out_high,,resolved,45,45,True,0,45,True,T27,67,False,,
2,1,L1-210,1,auto_target,P2_zoom_out_high,,resolved,45,45,True,0,45,True,T28,63,False,,
2,1,L1-211,1,auto_target,P2_zoom_out_high,,resolved,66,66,True,0,66,True,T29,66,True,0,
2,1,L1-212,1,auto_target,P2_zoom_out_high,,resolved,66,66,True,0,66,True,T30,70,False,,
2,1,L1-213,1,auto_target,P2_zoom_out_high,,resolved,72,72,True,0,72,True,T31,72,True,0,
2,1,L1-214,1,auto_target,P2_zoom_out_high,,resolved,74,74,True,0,74,True,T32,74,True,0,
2,1,L1-215,1,auto_target,P2_zoom_out_high,,resolved,76,76,True,0,76,True,T33,76,True,0,
2,1,L1-216,1,auto_target,P2_zoom_out_high,,resolved,68,68,True,0,68,True,T34,70,False,,
2,1,L1-217,1,auto_target,P2_zoom_out_high,,resolved,70,70,True,0,70,True,T35,74,False,,
2,1,L1-218,1,auto_grid,P2_zoom_out_high,,no_hit,,,False,,,True,,,,,
2,1,L1-219,1,auto_grid,P2_zoom_out_high,,no_hit,,,False,,,True,,,,,
2,1,L1-220,1,auto_grid,P2_zoom_out_high,,no_hit,,,False,,,True,,,,,
2,1,L1-221,1,auto_grid,P2_zoom_out_high,,no_hit,,,False,,,True,,,,,
2,1,L1-222,1,auto_grid,P2_zoom_out_high,,no_hit,,,False,,,True,,,,,
2,1,L1-223,1,auto_grid,P2_zoom_out_high,,no_hit,,,False,,,True,,,,,
2,1,L1-224,1,auto_grid,P2_zoom_out_high,,no_hit,,,False,,,True,,,,,
2,1,L1-225,1,auto_grid,P2_zoom_out_high,,no_hit,,,False,,,True,,,,,
2,1,L1-226,1,auto_grid,P2_zoom_out_high,,no_hit,,,False,,,True,,,,,
2,1,L1-227,1,auto_grid,P2_zoom_out_high,,no_hit,,,False,,,True,,,,,
2,1,L1-228,1,auto_grid,P2_zoom_out_high,,no_hit,,,False,,,True,,,,,
2,1,L1-229,1,auto_grid,P2_zoom_out_high,,no_hit,,,False,,,True,,,,,
2,1,L1-230,1,auto_grid,P2_zoom_out_high,,no_hit,,,False,,,True,,,,,
2,1,L1-231,1,auto_grid,P2_zoom_out_high,,no_hit,,,False,,,True,,,,,
2,1,L1-232,1,auto_grid,P2_zoom_out_high,,no_hit,,,False,,,True,,,,,
2,1,L1-233,1,auto_grid,P2_zoom_out_high,,no_hit,,,False,,,True,,,,,
2,1,L1-234,1,auto_grid,P2_zoom_out_high,,no_hit,,,False,,,True,,,,,
2,1,L1-235,1,auto_grid,P2_zoom_out_high,,no_hit,,,False,,,True,,,,,
2,1,L1-236,1,auto_grid,P2_zoom_out_high,,no_hit,,,False,,,True,,,,,
2,1,L1-237,1,auto_grid,P2_zoom_out_high,,no_hit,,,False,,,True,,,,,
2,1,L1-238,1,auto_grid,P2_zoom_out_high,,resolved,23,23,True,0,23,True,,,,,
2,1,L1-239,1,auto_grid,P2_zoom_out_high,,no_hit,,,False,,,True,,,,,
2,1,L1-240,1,auto_grid,P2_zoom_out_high,,no_hit,,,False,,,True,,,,,
2,1,L1-241,1,auto_grid,P2_zoom_out_high,,no_hit,,,False,,,True,,,,,
2,1,L1-242,1,auto_grid,P2_zoom_out_high,,no_hit,,,False,,,True,,,,,
2,1,L1-243,1,auto_grid,P2_zoom_out_high,,resolved,71,71,True,0,71,True,,,,,
2,1,L1-244,1,auto_grid,P2_zoom_out_high,,resolved,35,36,True,1,35,True,,,,,
2,1,L1-245,1,auto_grid,P2_zoom_out_high,,no_hit,,,False,,,True,,,,,
2,1,L1-246,1,auto_grid,P2_zoom_out_high,,no_hit,,,False,,,True,,,,,
2,1,L1-247,1,auto_grid,P2_zoom_out_high,,no_hit,,,False,,,True,,,,,
2,1,L1-248,1,auto_grid,P2_zoom_out_high,,no_hit,,,False,,,True,,,,,
2,1,L1-249,1,auto_grid,P2_zoom_out_high,,no_hit,,,False,,,True,,,,,
2,1,L1-250,1,auto_grid,P2_zoom_out_high,,no_hit,,,False,,,True,,,,,
2,1,L1-251,1,auto_grid,P2_zoom_out_high,,resolved,37,37,True,0,37,True,,,,,
2,1,L1-252,1,auto_grid,P2_zoom_out_high,,no_hit,,,False,,,True,,,,,
2,1,L1-253,1,auto_grid,P2_zoom_out_high,,no_hit,,,False,,,True,,,,,
2,1,L1-254,1,auto_grid,P2_zoom_out_high,,no_hit,,,False,,,True,,,,,
2,1,L1-255,1,auto_grid,P2_zoom_out_high,,no_hit,,,False,,,True,,,,,
2,1,L1-256,1,auto_grid,P2_zoom_out_high,,no_hit,,,False,,,True,,,,,
2,1,L1-257,1,auto_grid,P2_zoom_out_high,,no_hit,,,False,,,True,,,,,
2,1,L1-258,1,auto_grid,P2_zoom_out_high,,no_hit,,,False,,,True,,,,,
2,1,L1-259,1,auto_grid,P2_zoom_out_high,,no_hit,,,False,,,True,,,,,
2,1,L1-260,1,auto_grid,P2_zoom_out_high,,no_hit,,,False,,,True,,,,,
2,1,L1-261,1,auto_grid,P2_zoom_out_high,,no_hit,,,False,,,True,,,,,
2,1,L1-262,1,auto_grid,P2_zoom_out_high,,no_hit,,,False,,,True,,,,,
2,1,L1-263,1,auto_grid,P2_zoom_out_high,,no_hit,,,False,,,True,,,,,
2,1,L1-264,1,auto_grid,P2_zoom_out_high,,no_hit,,,False,,,True,,,,,
2,1,L1-265,1,auto_grid,P2_zoom_out_high,,no_hit,,,False,,,True,,,,,
2,1,L1-266,1,auto_grid,P2_zoom_out_high,,no_hit,,,False,,,True,,,,,
2,1,L1-267,1,auto_grid,P2_zoom_out_high,,no_hit,,,False,,,True,,,,,
2,1,L1-268,1,auto_grid,P2_zoom_out_high,,no_hit,,,False,,,True,,,,,
2,1,L1-269,1,auto_grid,P2_zoom_out_high,,no_hit,,,False,,,True,,,,,
2,1,L1-270,1,auto_grid,P2_zoom_out_high,,no_hit,,,False,,,True,,,,,
2,1,L1-271,1,auto_grid,P2_zoom_out_high,,no_hit,,,False,,,True,,,,,
2,1,L1-272,1,auto_grid,P2_zoom_out_high,,no_hit,,,False,,,True,,,,,
2,1,L1-273,1,auto_grid,P2_zoom_out_high,,no_hit,,,False,,,True,,,,,
2,1,L1-274,1,auto_grid,P2_zoom_out_high,,no_hit,,,False,,,True,,,,,
2,1,L1-275,1,auto_grid,P2_zoom_out_high,,no_hit,,,False,,,True,,,,,
2,1,L1-276,1,auto_grid,P2_zoom_out_high,,no_hit,,,False,,,True,,,,,
2,1,L1-277,1,auto_grid,P2_zoom_out_high,,no_hit,,,False,,,True,,,,,
2,1,L1-278,1,auto_target,P3_from_below,,resolved,25,25,True,0,25,True,T00,25,False,,
2,1,L1-279,1,auto_target,P3_from_below,,resolved,26,26,True,0,26,True,T01,27,False,,
2,1,L1-280,1,auto_target,P3_from_below,,resolved,27,28,True,1,27,True,T02,29,False,,
2,1,L1-281,1,auto_target,P3_from_below,,resolved,31,31,True,0,31,True,T03,31,False,,
2,1,L1-282,1,auto_target,P3_from_below,,resolved,23,23,True,0,23,True,T04,23,True,0,
2,1,L1-283,1,auto_target,P3_from_below,,no_hit,,27,False,,,True,T05,27,,,
2,1,L1-284,1,auto_target,P3_from_below,,resolved,34,34,True,0,34,True,T06,34,False,,
2,1,L1-285,1,auto_target,P3_from_below,,resolved,36,36,True,0,36,True,T07,36,True,0,
2,1,L1-286,1,auto_target,P3_from_below,,resolved,38,38,True,0,38,True,T08,38,True,0,
2,1,L1-287,1,auto_target,P3_from_below,,resolved,36,36,True,0,36,True,T09,40,False,,
2,1,L1-288,1,auto_target,P3_from_below,,resolved,32,32,True,0,32,True,T10,35,False,,
2,1,L1-289,1,auto_target,P3_from_below,,resolved,36,36,True,0,36,True,T11,39,False,,
2,1,L1-290,1,auto_target,P3_from_below,,resolved,43,43,True,0,43,True,T12,43,True,0,
2,1,L1-291,1,auto_target,P3_from_below,,resolved,45,45,True,0,45,True,T13,45,True,0,
2,1,L1-292,1,auto_target,P3_from_below,,resolved,41,41,True,0,41,True,T14,47,False,,
2,1,L1-293,1,auto_target,P3_from_below,,resolved,47,47,True,0,47,True,T15,49,False,,
2,1,L1-294,1,auto_target,P3_from_below,,resolved,41,41,True,0,41,True,T16,45,False,,
2,1,L1-295,1,auto_target,P3_from_below,,resolved,49,49,True,0,49,True,T17,49,True,0,
2,1,L1-296,1,auto_target,P3_from_below,,resolved,52,52,True,0,52,True,T18,52,True,0,
2,1,L1-297,1,auto_target,P3_from_below,,resolved,54,54,True,0,54,True,T19,54,True,0,
2,1,L1-298,1,auto_target,P3_from_below,,resolved,56,56,True,0,56,True,T20,56,True,0,
2,1,L1-299,1,auto_target,P3_from_below,,resolved,52,52,True,0,52,True,T21,58,False,,
2,1,L1-300,1,auto_target,P3_from_below,,resolved,50,50,True,0,50,True,T22,54,False,,
2,1,L1-301,1,auto_target,P3_from_below,,resolved,52,52,True,0,52,True,T23,58,False,,
2,1,L1-302,1,auto_target,P3_from_below,,resolved,62,62,True,0,62,True,T24,62,True,0,
2,1,L1-303,1,auto_target,P3_from_below,,resolved,54,54,True,0,54,True,T25,64,False,,
2,1,L1-304,1,auto_target,P3_from_below,,resolved,65,65,True,0,65,True,T26,65,True,0,
2,1,L1-305,1,auto_target,P3_from_below,,resolved,67,67,True,0,67,True,T27,67,True,0,
2,1,L1-306,1,auto_target,P3_from_below,,resolved,58,58,True,0,58,True,T28,63,False,,
2,1,L1-307,1,auto_target,P3_from_below,,resolved,60,60,True,0,60,True,T29,66,False,,
2,1,L1-308,1,auto_target,P3_from_below,,resolved,60,60,True,0,60,True,T30,70,False,,
2,1,L1-309,1,auto_target,P3_from_below,,resolved,64,64,True,0,64,True,T31,72,False,,
2,1,L1-310,1,auto_target,P3_from_below,,resolved,66,66,True,0,66,True,T32,74,False,,
2,1,L1-311,1,auto_target,P3_from_below,,resolved,68,68,True,0,68,True,T33,76,False,,
2,1,L1-312,1,auto_target,P3_from_below,,resolved,60,60,True,0,60,True,T34,70,False,,
2,1,L1-313,1,auto_target,P3_from_below,,resolved,75,74,True,1,75,True,T35,74,True,1,
2,1,L1-314,1,auto_grid,P3_from_below,,no_hit,,,False,,,True,,,,,
2,1,L1-315,1,auto_grid,P3_from_below,,resolved,75,75,True,0,75,True,,,,,
2,1,L1-316,1,auto_grid,P3_from_below,,no_hit,,,False,,,True,,,,,
2,1,L1-317,1,auto_grid,P3_from_below,,no_hit,,,False,,,True,,,,,
2,1,L1-318,1,auto_grid,P3_from_below,,no_hit,,,False,,,True,,,,,
2,1,L1-319,1,auto_grid,P3_from_below,,no_hit,,,False,,,True,,,,,
2,1,L1-320,1,auto_grid,P3_from_below,,no_hit,,,False,,,True,,,,,
2,1,L1-321,1,auto_grid,P3_from_below,,resolved,56,56,True,0,56,True,,,,,
2,1,L1-322,1,auto_grid,P3_from_below,,no_hit,,,False,,,True,,,,,
2,1,L1-323,1,auto_grid,P3_from_below,,no_hit,,,False,,,True,,,,,
2,1,L1-324,1,auto_grid,P3_from_below,,no_hit,,,False,,,True,,,,,
2,1,L1-325,1,auto_grid,P3_from_below,,no_hit,,,False,,,True,,,,,
2,1,L1-326,1,auto_grid,P3_from_below,,resolved,34,34,True,0,34,True,,,,,
2,1,L1-327,1,auto_grid,P3_from_below,,resolved,49,49,True,0,49,True,,,,,
2,1,L1-328,1,auto_grid,P3_from_below,,resolved,69,69,True,0,69,True,,,,,
2,1,L1-329,1,auto_grid,P3_from_below,,no_hit,,,False,,,True,,,,,
2,1,L1-330,1,auto_grid,P3_from_below,,no_hit,,,False,,,True,,,,,
2,1,L1-331,1,auto_grid,P3_from_below,,no_hit,,,False,,,True,,,,,
2,1,L1-332,1,auto_grid,P3_from_below,,resolved,26,26,True,0,26,True,,,,,
2,1,L1-333,1,auto_grid,P3_from_below,,resolved,41,41,True,0,41,True,,,,,
2,1,L1-334,1,auto_grid,P3_from_below,,resolved,58,58,True,0,58,True,,,,,
2,1,L1-335,1,auto_grid,P3_from_below,,no_hit,,,False,,,True,,,,,
2,1,L1-336,1,auto_grid,P3_from_below,,no_hit,,,False,,,True,,,,,
2,1,L1-337,1,auto_grid,P3_from_below,,no_hit,,,False,,,True,,,,,
2,1,L1-338,1,auto_grid,P3_from_below,,no_hit,,,False,,,True,,,,,
2,1,L1-339,1,auto_grid,P3_from_below,,resolved,34,34,True,0,34,True,,,,,
2,1,L1-340,1,auto_grid,P3_from_below,,resolved,49,49,True,0,49,True,,,,,
2,1,L1-341,1,auto_grid,P3_from_below,,no_hit,,,False,,,True,,,,,
2,1,L1-342,1,auto_grid,P3_from_below,,no_hit,,,False,,,True,,,,,
2,1,L1-343,1,auto_grid,P3_from_below,,no_hit,,,False,,,True,,,,,
2,1,L1-344,1,auto_grid,P3_from_below,,no_hit,,,False,,,True,,,,,
2,1,L1-345,1,auto_grid,P3_from_below,,resolved,26,26,True,0,26,True,,,,,
2,1,L1-346,1,auto_grid,P3_from_below,,resolved,41,41,True,0,41,True,,,,,
2,1,L1-347,1,auto_grid,P3_from_below,,resolved,58,58,True,0,58,True,,,,,
2,1,L1-348,1,auto_grid,P3_from_below,,no_hit,,,False,,,True,,,,,
2,1,L1-349,1,auto_grid,P3_from_below,,no_hit,,,False,,,True,,,,,
2,1,L1-350,1,auto_grid,P3_from_below,,no_hit,,,False,,,True,,,,,
2,1,L1-351,1,auto_grid,P3_from_below,,no_hit,,,False,,,True,,,,,
2,1,L1-352,1,auto_grid,P3_from_below,,resolved,35,35,True,0,35,True,,,,,
2,1,L1-353,1,auto_grid,P3_from_below,,resolved,49,49,True,0,49,True,,,,,
2,1,L1-354,1,auto_grid,P3_from_below,,no_hit,,,False,,,True,,,,,
2,1,L1-355,1,auto_grid,P3_from_below,,no_hit,,,False,,,True,,,,,
2,1,L1-356,1,auto_grid,P3_from_below,,no_hit,,,False,,,True,,,,,
2,1,L1-357,1,auto_grid,P3_from_below,,no_hit,,,False,,,True,,,,,
2,1,L1-358,1,auto_grid,P3_from_below,,no_hit,,,False,,,True,,,,,
2,1,L1-359,1,auto_grid,P3_from_below,,resolved,41,41,True,0,41,True,,,,,
2,1,L1-360,1,auto_grid,P3_from_below,,resolved,59,59,True,0,59,True,,,,,
2,1,L1-361,1,auto_grid,P3_from_below,,no_hit,,,False,,,True,,,,,
2,1,L1-362,1,auto_grid,P3_from_below,,no_hit,,,False,,,True,,,,,
2,1,L1-363,1,auto_grid,P3_from_below,,no_hit,,,False,,,True,,,,,
2,1,L1-364,1,auto_grid,P3_from_below,,no_hit,,,False,,,True,,,,,
2,1,L1-365,1,auto_grid,P3_from_below,,no_hit,,,False,,,True,,,,,
2,1,L1-366,1,auto_grid,P3_from_below,,resolved,46,46,True,0,46,True,,,,,
2,1,L1-367,1,auto_grid,P3_from_below,,no_hit,,,False,,,True,,,,,
2,1,L1-368,1,auto_grid,P3_from_below,,no_hit,,,False,,,True,,,,,
2,1,L1-369,1,auto_grid,P3_from_below,,no_hit,,,False,,,True,,,,,
2,1,L1-370,1,auto_grid,P3_from_below,,no_hit,,,False,,,True,,,,,
2,1,L1-371,1,auto_grid,P3_from_below,,no_hit,,,False,,,True,,,,,
2,1,L1-372,1,auto_grid,P3_from_below,,no_hit,,,False,,,True,,,,,
2,1,L1-373,1,auto_grid,P3_from_below,,no_hit,,,False,,,True,,,,,
2,1,L1-374,1,auto_target,P4_close_side,,resolved,25,25,True,0,25,True,T01,27,False,,
2,1,L1-375,1,auto_target,P4_close_side,,resolved,26,25,True,1,26,True,T02,29,False,,
2,1,L1-376,1,auto_target,P4_close_side,,resolved,27,27,True,0,27,True,T05,27,True,0,
2,1,L1-377,1,auto_target,P4_close_side,,resolved,36,36,True,0,36,True,T07,36,True,0,
2,1,L1-378,1,auto_target,P4_close_side,,resolved,38,38,True,0,38,True,T08,38,True,0,
2,1,L1-379,1,auto_target,P4_close_side,,resolved,24,24,True,0,24,True,T09,40,False,,
2,1,L1-380,1,auto_target,P4_close_side,,resolved,23,23,True,0,23,True,T10,35,False,,
2,1,L1-381,1,auto_target,P4_close_side,,resolved,37,39,True,2,37,True,T11,39,False,,
2,1,L1-382,1,auto_target,P4_close_side,,resolved,41,41,True,0,41,True,T12,43,False,,
2,1,L1-383,1,auto_target,P4_close_side,,resolved,37,38,True,1,37,True,T14,47,False,,
2,1,L1-384,1,auto_target,P4_close_side,,resolved,45,45,True,0,45,True,T16,45,True,0,
2,1,L1-385,1,auto_target,P4_close_side,,resolved,44,40,True,4,44,True,T18,52,False,,
2,1,L1-386,1,auto_target,P4_close_side,,resolved,39,39,True,0,39,True,T19,54,False,,
2,1,L1-387,1,auto_target,P4_close_side,,resolved,47,47,True,0,47,True,T20,56,False,,
2,1,L1-388,1,auto_target,P4_close_side,,resolved,29,29,True,0,29,True,T23,58,False,,
2,1,L1-389,1,auto_target,P4_close_side,,resolved,23,23,True,0,23,True,T25,64,False,,
2,1,L1-390,1,auto_target,P4_close_side,,resolved,27,27,True,0,27,True,T27,67,False,,
2,1,L1-391,1,auto_target,P4_close_side,,resolved,23,23,True,0,23,True,T28,63,False,,
2,1,L1-392,1,auto_target,P4_close_side,,resolved,23,23,True,0,23,True,T30,70,False,,
2,1,L1-393,1,auto_target,P4_close_side,,resolved,23,23,True,0,23,True,T34,70,False,,
2,1,L1-394,1,auto_grid,P4_close_side,,no_hit,,,False,,,True,,,,,
2,1,L1-395,1,auto_grid,P4_close_side,,no_hit,,,False,,,True,,,,,
2,1,L1-396,1,auto_grid,P4_close_side,,no_hit,,,False,,,True,,,,,
2,1,L1-397,1,auto_grid,P4_close_side,,no_hit,,,False,,,True,,,,,
2,1,L1-398,1,auto_grid,P4_close_side,,no_hit,,,False,,,True,,,,,
2,1,L1-399,1,auto_grid,P4_close_side,,no_hit,,,False,,,True,,,,,
2,1,L1-400,1,auto_grid,P4_close_side,,no_hit,,,False,,,True,,,,,
2,1,L1-401,1,auto_grid,P4_close_side,,no_hit,,,False,,,True,,,,,
2,1,L1-402,1,auto_grid,P4_close_side,,no_hit,,,False,,,True,,,,,
2,1,L1-403,1,auto_grid,P4_close_side,,no_hit,,,False,,,True,,,,,
2,1,L1-404,1,auto_grid,P4_close_side,,no_hit,,,False,,,True,,,,,
2,1,L1-405,1,auto_grid,P4_close_side,,no_hit,,,False,,,True,,,,,
2,1,L1-406,1,auto_grid,P4_close_side,,resolved,50,50,True,0,50,True,,,,,
2,1,L1-407,1,auto_grid,P4_close_side,,no_hit,,,False,,,True,,,,,
2,1,L1-408,1,auto_grid,P4_close_side,,no_hit,,,False,,,True,,,,,
2,1,L1-409,1,auto_grid,P4_close_side,,no_hit,,,False,,,True,,,,,
2,1,L1-410,1,auto_grid,P4_close_side,,no_hit,,,False,,,True,,,,,
2,1,L1-411,1,auto_grid,P4_close_side,,no_hit,,,False,,,True,,,,,
2,1,L1-412,1,auto_grid,P4_close_side,,resolved,28,28,True,0,28,True,,,,,
2,1,L1-413,1,auto_grid,P4_close_side,,resolved,31,31,True,0,31,True,,,,,
2,1,L1-414,1,auto_grid,P4_close_side,,resolved,35,35,True,0,35,True,,,,,
2,1,L1-415,1,auto_grid,P4_close_side,,no_hit,,,False,,,True,,,,,
2,1,L1-416,1,auto_grid,P4_close_side,,no_hit,,,False,,,True,,,,,
2,1,L1-417,1,auto_grid,P4_close_side,,no_hit,,,False,,,True,,,,,
2,1,L1-418,1,auto_grid,P4_close_side,,resolved,23,23,True,0,23,True,,,,,
2,1,L1-419,1,auto_grid,P4_close_side,,resolved,25,25,True,0,25,True,,,,,
2,1,L1-420,1,auto_grid,P4_close_side,,resolved,29,29,True,0,29,True,,,,,
2,1,L1-421,1,auto_grid,P4_close_side,,resolved,32,33,True,1,32,True,,,,,
2,1,L1-422,1,auto_grid,P4_close_side,,resolved,37,37,True,0,37,True,,,,,
2,1,L1-423,1,auto_grid,P4_close_side,,resolved,41,40,True,1,41,True,,,,,
2,1,L1-424,1,auto_grid,P4_close_side,,resolved,23,23,True,0,23,True,,,,,
2,1,L1-425,1,auto_grid,P4_close_side,,resolved,23,23,True,0,23,True,,,,,
2,1,L1-426,1,auto_grid,P4_close_side,,resolved,24,25,True,1,24,True,,,,,
2,1,L1-427,1,auto_grid,P4_close_side,,resolved,28,29,True,1,28,True,,,,,
2,1,L1-428,1,auto_grid,P4_close_side,,resolved,32,32,True,0,32,True,,,,,
2,1,L1-429,1,auto_grid,P4_close_side,,resolved,35,36,True,1,35,True,,,,,
2,1,L1-430,1,auto_grid,P4_close_side,,resolved,23,23,True,0,23,True,,,,,
2,1,L1-431,1,auto_grid,P4_close_side,,resolved,23,23,True,0,23,True,,,,,
2,1,L1-432,1,auto_grid,P4_close_side,,resolved,23,23,True,0,23,True,,,,,
2,1,L1-433,1,auto_grid,P4_close_side,,resolved,27,27,True,0,27,True,,,,,
2,1,L1-434,1,auto_grid,P4_close_side,,resolved,31,31,True,0,31,True,,,,,
2,1,L1-435,1,auto_grid,P4_close_side,,resolved,34,34,True,0,34,True,,,,,
2,1,L1-436,1,auto_grid,P4_close_side,,resolved,23,23,True,0,23,True,,,,,
2,1,L1-437,1,auto_grid,P4_close_side,,resolved,23,23,True,0,23,True,,,,,
2,1,L1-438,1,auto_grid,P4_close_side,,resolved,24,24,True,0,24,True,,,,,
2,1,L1-439,1,auto_grid,P4_close_side,,resolved,27,28,True,1,27,True,,,,,
2,1,L1-440,1,auto_grid,P4_close_side,,resolved,31,31,True,0,31,True,,,,,
2,1,L1-441,1,auto_grid,P4_close_side,,resolved,35,35,True,0,35,True,,,,,
2,1,L1-442,1,auto_grid,P4_close_side,,resolved,23,23,True,0,23,True,,,,,
2,1,L1-443,1,auto_grid,P4_close_side,,resolved,23,23,True,0,23,True,,,,,
2,1,L1-444,1,auto_grid,P4_close_side,,resolved,26,26,True,0,26,True,,,,,
2,1,L1-445,1,auto_grid,P4_close_side,,resolved,37,38,True,1,37,True,,,,,
2,1,L1-446,1,auto_grid,P4_close_side,,resolved,37,37,True,0,37,True,,,,,
2,1,L1-447,1,auto_grid,P4_close_side,,resolved,39,44,True,5,39,True,,,,,
2,1,L1-448,1,auto_grid,P4_close_side,,resolved,23,23,True,0,23,True,,,,,
2,1,L1-449,1,auto_grid,P4_close_side,,resolved,25,25,True,0,25,True,,,,,
2,1,L1-450,1,auto_grid,P4_close_side,,no_hit,,,False,,,True,,,,,
2,1,L1-451,1,auto_grid,P4_close_side,,no_hit,,,False,,,True,,,,,
2,1,L1-452,1,auto_grid,P4_close_side,,no_hit,,,False,,,True,,,,,
2,1,L1-453,1,auto_grid,P4_close_side,,no_hit,,,False,,,True,,,,,
2,1,L1-454,1,auto_target,P5_near_top_down,,resolved,25,25,True,0,25,True,T00,25,True,0,
2,1,L1-455,1,auto_target,P5_near_top_down,,resolved,27,27,True,0,27,True,T01,27,True,0,
2,1,L1-456,1,auto_target,P5_near_top_down,,resolved,29,29,True,0,29,True,T02,29,True,0,
2,1,L1-457,1,auto_target,P5_near_top_down,,resolved,35,35,True,0,35,True,T03,31,False,,
2,1,L1-458,1,auto_target,P5_near_top_down,,resolved,25,25,True,0,25,True,T04,23,False,,
2,1,L1-459,1,auto_target,P5_near_top_down,,no_hit,,27,False,,,True,T05,27,,,
2,1,L1-460,1,auto_target,P5_near_top_down,,resolved,38,38,True,0,38,True,T06,34,False,,
2,1,L1-461,1,auto_target,P5_near_top_down,,resolved,41,41,True,0,41,True,T07,36,False,,
2,1,L1-462,1,auto_target,P5_near_top_down,,resolved,41,41,True,0,41,True,T08,38,False,,
2,1,L1-463,1,auto_target,P5_near_top_down,,resolved,40,40,True,0,40,True,T09,40,True,0,
2,1,L1-464,1,auto_target,P5_near_top_down,,resolved,36,35,True,1,36,True,T10,35,True,1,
2,1,L1-465,1,auto_target,P5_near_top_down,,resolved,39,39,True,0,39,True,T11,39,True,0,
2,1,L1-466,1,auto_target,P5_near_top_down,,resolved,46,46,True,0,46,True,T12,43,False,,
2,1,L1-467,1,auto_target,P5_near_top_down,,resolved,46,46,True,0,46,True,T13,45,False,,
2,1,L1-468,1,auto_target,P5_near_top_down,,resolved,47,47,True,0,47,True,T14,47,True,0,
2,1,L1-469,1,auto_target,P5_near_top_down,,resolved,49,49,True,0,49,True,T15,49,True,0,
2,1,L1-470,1,auto_target,P5_near_top_down,,resolved,45,45,True,0,45,True,T16,45,True,0,
2,1,L1-471,1,auto_target,P5_near_top_down,,resolved,52,52,True,0,52,True,T17,49,False,,
2,1,L1-472,1,auto_target,P5_near_top_down,,resolved,54,54,True,0,54,True,T18,52,False,,
2,1,L1-473,1,auto_target,P5_near_top_down,,resolved,56,56,True,0,56,True,T19,54,False,,
2,1,L1-474,1,auto_target,P5_near_top_down,,resolved,58,58,True,0,58,True,T20,56,False,,
2,1,L1-475,1,auto_target,P5_near_top_down,,resolved,59,58,True,1,59,True,T21,58,False,,
2,1,L1-476,1,auto_target,P5_near_top_down,,resolved,55,54,True,1,55,True,T22,54,True,1,
2,1,L1-477,1,auto_target,P5_near_top_down,,resolved,59,58,True,1,59,True,T23,58,True,1,
2,1,L1-478,1,auto_target,P5_near_top_down,,resolved,62,62,True,0,62,True,T24,62,False,,
2,1,L1-479,1,auto_target,P5_near_top_down,,resolved,64,64,True,0,64,True,T25,64,True,0,
2,1,L1-480,1,auto_target,P5_near_top_down,,resolved,65,65,True,0,65,True,T26,65,False,,
2,1,L1-481,1,auto_target,P5_near_top_down,,resolved,67,67,True,0,67,True,T27,67,False,,
2,1,L1-482,1,auto_target,P5_near_top_down,,resolved,63,63,True,0,63,True,T28,63,False,,
2,1,L1-483,1,auto_target,P5_near_top_down,,resolved,66,66,True,0,66,True,T29,66,False,,
2,1,L1-484,1,auto_target,P5_near_top_down,,resolved,70,70,True,0,70,True,T30,70,False,,
2,1,L1-485,1,auto_target,P5_near_top_down,,resolved,72,72,True,0,72,True,T31,72,True,0,
2,1,L1-486,1,auto_target,P5_near_top_down,,resolved,74,74,True,0,74,True,T32,74,True,0,
2,1,L1-487,1,auto_target,P5_near_top_down,,resolved,76,76,True,0,76,True,T33,76,True,0,
2,1,L1-488,1,auto_target,P5_near_top_down,,resolved,70,70,True,0,70,True,T34,70,False,,
2,1,L1-489,1,auto_target,P5_near_top_down,,resolved,74,74,True,0,74,True,T35,74,False,,
2,1,L1-490,1,auto_grid,P5_near_top_down,,no_hit,,,False,,,True,,,,,
2,1,L1-491,1,auto_grid,P5_near_top_down,,no_hit,,,False,,,True,,,,,
2,1,L1-492,1,auto_grid,P5_near_top_down,,resolved,78,78,True,0,78,True,,,,,
2,1,L1-493,1,auto_grid,P5_near_top_down,,no_hit,,,False,,,True,,,,,
2,1,L1-494,1,auto_grid,P5_near_top_down,,no_hit,,,False,,,True,,,,,
2,1,L1-495,1,auto_grid,P5_near_top_down,,no_hit,,,False,,,True,,,,,
2,1,L1-496,1,auto_grid,P5_near_top_down,,no_hit,,,False,,,True,,,,,
2,1,L1-497,1,auto_grid,P5_near_top_down,,no_hit,,,False,,,True,,,,,
2,1,L1-498,1,auto_grid,P5_near_top_down,,no_hit,,,False,,,True,,,,,
2,1,L1-499,1,auto_grid,P5_near_top_down,,resolved,53,53,True,0,53,True,,,,,
2,1,L1-500,1,auto_grid,P5_near_top_down,,resolved,27,27,True,0,27,True,,,,,
2,1,L1-501,1,auto_grid,P5_near_top_down,,no_hit,,,False,,,True,,,,,
2,1,L1-502,1,auto_grid,P5_near_top_down,,no_hit,,,False,,,True,,,,,
2,1,L1-503,1,auto_grid,P5_near_top_down,,no_hit,,,False,,,True,,,,,
2,1,L1-504,1,auto_grid,P5_near_top_down,,no_hit,,,False,,,True,,,,,
2,1,L1-505,1,auto_grid,P5_near_top_down,,resolved,54,53,True,1,54,True,,,,,
2,1,L1-506,1,auto_grid,P5_near_top_down,,resolved,30,30,True,0,30,True,,,,,
2,1,L1-507,1,auto_grid,P5_near_top_down,,no_hit,,,False,,,True,,,,,
2,1,L1-508,1,auto_grid,P5_near_top_down,,no_hit,,,False,,,True,,,,,
2,1,L1-509,1,auto_grid,P5_near_top_down,,no_hit,,,False,,,True,,,,,
2,1,L1-510,1,auto_grid,P5_near_top_down,,no_hit,,,False,,,True,,,,,
2,1,L1-511,1,auto_grid,P5_near_top_down,,resolved,54,54,True,0,54,True,,,,,
2,1,L1-512,1,auto_grid,P5_near_top_down,,resolved,30,30,True,0,30,True,,,,,
2,1,L1-513,1,auto_grid,P5_near_top_down,,no_hit,,,False,,,True,,,,,
2,1,L1-514,1,auto_grid,P5_near_top_down,,no_hit,,,False,,,True,,,,,
2,1,L1-515,1,auto_grid,P5_near_top_down,,no_hit,,,False,,,True,,,,,
2,1,L1-516,1,auto_grid,P5_near_top_down,,no_hit,,,False,,,True,,,,,
2,1,L1-517,1,auto_grid,P5_near_top_down,,resolved,54,54,True,0,54,True,,,,,
2,1,L1-518,1,auto_grid,P5_near_top_down,,resolved,27,,True,,27,True,,,,,1
2,1,L1-519,1,auto_grid,P5_near_top_down,,no_hit,,,False,,,True,,,,,
2,1,L1-520,1,auto_grid,P5_near_top_down,,no_hit,,,False,,,True,,,,,
2,1,L1-521,1,auto_grid,P5_near_top_down,,no_hit,,,False,,,True,,,,,
2,1,L1-522,1,auto_grid,P5_near_top_down,,no_hit,,,False,,,True,,,,,
2,1,L1-523,1,auto_grid,P5_near_top_down,,resolved,55,55,True,0,55,True,,,,,
2,1,L1-524,1,auto_grid,P5_near_top_down,,no_hit,,,False,,,True,,,,,
2,1,L1-525,1,auto_grid,P5_near_top_down,,no_hit,,,False,,,True,,,,,
2,1,L1-526,1,auto_grid,P5_near_top_down,,no_hit,,,False,,,True,,,,,
2,1,L1-527,1,auto_grid,P5_near_top_down,,no_hit,,,False,,,True,,,,,
2,1,L1-528,1,auto_grid,P5_near_top_down,,no_hit,,,False,,,True,,,,,
2,1,L1-529,1,auto_grid,P5_near_top_down,,resolved,55,55,True,0,55,True,,,,,
2,1,L1-530,1,auto_grid,P5_near_top_down,,no_hit,,,False,,,True,,,,,
2,1,L1-531,1,auto_grid,P5_near_top_down,,no_hit,,,False,,,True,,,,,
2,1,L1-532,1,auto_grid,P5_near_top_down,,no_hit,,,False,,,True,,,,,
2,1,L1-533,1,auto_grid,P5_near_top_down,,no_hit,,,False,,,True,,,,,
2,1,L1-534,1,auto_grid,P5_near_top_down,,no_hit,,,False,,,True,,,,,
2,1,L1-535,1,auto_grid,P5_near_top_down,,no_hit,,,False,,,True,,,,,
2,1,L1-536,1,auto_grid,P5_near_top_down,,no_hit,,,False,,,True,,,,,
2,1,L1-537,1,auto_grid,P5_near_top_down,,no_hit,,,False,,,True,,,,,
2,1,L1-538,1,auto_grid,P5_near_top_down,,no_hit,,,False,,,True,,,,,
2,1,L1-539,1,auto_grid,P5_near_top_down,,no_hit,,,False,,,True,,,,,
2,1,L1-540,1,auto_grid,P5_near_top_down,,no_hit,,,False,,,True,,,,,
2,1,L1-541,1,auto_grid,P5_near_top_down,,no_hit,,,False,,,True,,,,,
2,1,L1-542,1,auto_grid,P5_near_top_down,,no_hit,,,False,,,True,,,,,
2,1,L1-543,1,auto_grid,P5_near_top_down,,no_hit,,,False,,,True,,,,,
2,1,L1-544,1,auto_grid,P5_near_top_down,,no_hit,,,False,,,True,,,,,
2,1,L1-545,1,auto_grid,P5_near_top_down,,no_hit,,,False,,,True,,,,,
2,1,L1-546,1,auto_grid,P5_near_top_down,,no_hit,,,False,,,True,,,,,
2,1,L1-547,1,auto_grid,P5_near_top_down,,no_hit,,,False,,,True,,,,,
2,1,L1-548,1,auto_grid,P5_near_top_down,,no_hit,,,False,,,True,,,,,
2,1,L1-549,1,auto_grid,P5_near_top_down,,no_hit,,,False,,,True,,,,,
3,1,L2-1,2,auto_target,P0_fit,,resolved,69,69,True,0,69,True,T00,25,False,,
3,1,L2-2,2,auto_target,P0_fit,,resolved,27,27,True,0,27,True,T01,27,True,0,
3,1,L2-3,2,auto_target,P0_fit,,resolved,29,29,True,0,29,True,T02,29,True,0,
3,1,L2-4,2,auto_target,P0_fit,,resolved,61,60,True,1,61,True,T03,31,False,,
3,1,L2-5,2,auto_target,P0_fit,,resolved,51,51,True,0,51,True,T04,23,False,,
3,1,L2-6,2,auto_target,P0_fit,,resolved,54,53,True,1,54,True,T05,27,False,,
3,1,L2-7,2,auto_target,P0_fit,,resolved,59,59,True,0,59,True,T06,34,False,,
3,1,L2-8,2,auto_target,P0_fit,,resolved,64,64,True,0,64,True,T07,36,False,,
3,1,L2-9,2,auto_target,P0_fit,,resolved,67,66,True,1,67,True,T08,38,False,,
3,1,L2-10,2,auto_target,P0_fit,,resolved,50,51,True,1,50,True,T09,40,False,,
3,1,L2-11,2,auto_target,P0_fit,,resolved,36,35,True,1,36,True,T10,35,True,1,
3,1,L2-12,2,auto_target,P0_fit,,resolved,46,46,True,0,46,True,T11,39,False,,
3,1,L2-13,2,auto_target,P0_fit,,resolved,59,59,True,0,59,True,T12,43,False,,
3,1,L2-14,2,auto_target,P0_fit,,resolved,48,47,True,1,48,True,T13,45,False,,
3,1,L2-15,2,auto_target,P0_fit,,resolved,46,47,True,1,46,True,T14,47,True,1,
3,1,L2-16,2,auto_target,P0_fit,,resolved,49,49,True,0,49,True,T15,49,True,0,
3,1,L2-17,2,auto_target,P0_fit,,resolved,45,46,True,1,45,True,T16,45,True,0,
3,1,L2-18,2,auto_target,P0_fit,,resolved,71,70,True,1,71,True,T17,49,False,,
3,1,L2-19,2,auto_target,P0_fit,,resolved,54,54,True,0,54,True,T18,52,False,,
3,1,L2-20,2,auto_target,P0_fit,,resolved,55,54,True,1,55,True,T19,54,True,1,
3,1,L2-21,2,auto_target,P0_fit,,no_hit,,56,False,,,True,T20,56,,,
3,1,L2-22,2,auto_target,P0_fit,,resolved,70,69,True,1,70,True,T21,58,False,,
3,1,L2-23,2,auto_target,P0_fit,,resolved,54,54,True,0,54,True,T22,54,True,0,
3,1,L2-24,2,auto_target,P0_fit,,resolved,58,58,True,0,58,True,T23,58,True,0,
3,1,L2-25,2,auto_target,P0_fit,,resolved,70,69,True,1,70,True,T24,62,False,,
3,1,L2-26,2,auto_target,P0_fit,,resolved,71,70,True,1,71,True,T25,64,False,,
3,1,L2-27,2,auto_target,P0_fit,,resolved,71,71,True,0,71,True,T26,65,False,,
3,1,L2-28,2,auto_target,P0_fit,,resolved,67,67,True,0,67,True,T27,67,True,0,
3,1,L2-29,2,auto_target,P0_fit,,resolved,69,69,True,0,69,True,T28,63,False,,
3,1,L2-30,2,auto_target,P0_fit,,resolved,72,71,True,1,72,True,T29,66,False,,
3,1,L2-31,2,auto_target,P0_fit,,resolved,71,70,True,1,71,True,T30,70,True,1,
3,1,L2-32,2,auto_target,P0_fit,,resolved,74,74,True,0,74,True,T31,72,False,,
3,1,L2-33,2,auto_target,P0_fit,,resolved,76,76,True,0,76,True,T32,74,False,,
3,1,L2-34,2,auto_target,P0_fit,,no_hit,,76,False,,,True,T33,76,,,
3,1,L2-35,2,auto_target,P0_fit,,resolved,71,70,True,1,71,True,T34,70,True,1,
3,1,L2-36,2,auto_target,P0_fit,,resolved,75,75,True,0,75,True,T35,74,True,1,
3,1,L2-37,2,auto_grid,P0_fit,,no_hit,,,False,,,True,,,,,
3,1,L2-38,2,auto_grid,P0_fit,,no_hit,,,False,,,True,,,,,
3,1,L2-39,2,auto_grid,P0_fit,,no_hit,,,False,,,True,,,,,
3,1,L2-40,2,auto_grid,P0_fit,,no_hit,,,False,,,True,,,,,
3,1,L2-41,2,auto_grid,P0_fit,,no_hit,,,False,,,True,,,,,
3,1,L2-42,2,auto_grid,P0_fit,,no_hit,,,False,,,True,,,,,
3,1,L2-43,2,auto_grid,P0_fit,,no_hit,,,False,,,True,,,,,
3,1,L2-44,2,auto_grid,P0_fit,,no_hit,,,False,,,True,,,,,
3,1,L2-45,2,auto_grid,P0_fit,,no_hit,,,False,,,True,,,,,
3,1,L2-46,2,auto_grid,P0_fit,,no_hit,,,False,,,True,,,,,
3,1,L2-47,2,auto_grid,P0_fit,,no_hit,,,False,,,True,,,,,
3,1,L2-48,2,auto_grid,P0_fit,,no_hit,,,False,,,True,,,,,
3,1,L2-49,2,auto_grid,P0_fit,,no_hit,,,False,,,True,,,,,
3,1,L2-50,2,auto_grid,P0_fit,,no_hit,,,False,,,True,,,,,
3,1,L2-51,2,auto_grid,P0_fit,,no_hit,,,False,,,True,,,,,
3,1,L2-52,2,auto_grid,P0_fit,,no_hit,,,False,,,True,,,,,
3,1,L2-53,2,auto_grid,P0_fit,,no_hit,,,False,,,True,,,,,
3,1,L2-54,2,auto_grid,P0_fit,,no_hit,,,False,,,True,,,,,
3,1,L2-55,2,auto_grid,P0_fit,,resolved,50,49,True,1,50,True,,,,,
3,1,L2-56,2,auto_grid,P0_fit,,no_hit,,,False,,,True,,,,,
3,1,L2-57,2,auto_grid,P0_fit,,no_hit,,,False,,,True,,,,,
3,1,L2-58,2,auto_grid,P0_fit,,no_hit,,,False,,,True,,,,,
3,1,L2-59,2,auto_grid,P0_fit,,no_hit,,,False,,,True,,,,,
3,1,L2-60,2,auto_grid,P0_fit,,no_hit,,,False,,,True,,,,,
3,1,L2-61,2,auto_grid,P0_fit,,no_hit,,,False,,,True,,,,,
3,1,L2-62,2,auto_grid,P0_fit,,resolved,55,54,True,1,55,True,,,,,
3,1,L2-63,2,auto_grid,P0_fit,,resolved,59,59,True,0,59,True,,,,,
3,1,L2-64,2,auto_grid,P0_fit,,resolved,64,64,True,0,64,True,,,,,
3,1,L2-65,2,auto_grid,P0_fit,,resolved,59,59,True,0,59,True,,,,,
3,1,L2-66,2,auto_grid,P0_fit,,no_hit,,,False,,,True,,,,,
3,1,L2-67,2,auto_grid,P0_fit,,no_hit,,,False,,,True,,,,,
3,1,L2-68,2,auto_grid,P0_fit,,resolved,62,62,True,0,62,True,,,,,
3,1,L2-69,2,auto_grid,P0_fit,,resolved,62,61,True,1,62,True,,,,,
3,1,L2-70,2,auto_grid,P0_fit,,resolved,63,63,True,0,63,True,,,,,
3,1,L2-71,2,auto_grid,P0_fit,,resolved,62,61,True,1,62,True,,,,,
3,1,L2-72,2,auto_grid,P0_fit,,resolved,79,78,True,1,79,True,,,,,
3,1,L2-73,2,auto_grid,P0_fit,,no_hit,,,False,,,True,,,,,
3,1,L2-74,2,auto_grid,P0_fit,,no_hit,,,False,,,True,,,,,
3,1,L2-75,2,auto_grid,P0_fit,,resolved,48,48,True,0,48,True,,,,,
3,1,L2-76,2,auto_grid,P0_fit,,resolved,45,45,True,0,45,True,,,,,
3,1,L2-77,2,auto_grid,P0_fit,,no_hit,,69,False,,,True,,,,,
3,1,L2-78,2,auto_grid,P0_fit,,no_hit,,,False,,,True,,,,,
3,1,L2-79,2,auto_grid,P0_fit,,no_hit,,,False,,,True,,,,,
3,1,L2-80,2,auto_grid,P0_fit,,no_hit,,,False,,,True,,,,,
3,1,L2-81,2,auto_grid,P0_fit,,no_hit,,,False,,,True,,,,,
3,1,L2-82,2,auto_grid,P0_fit,,no_hit,,,False,,,True,,,,,
3,1,L2-83,2,auto_grid,P0_fit,,no_hit,,,False,,,True,,,,,
3,1,L2-84,2,auto_grid,P0_fit,,no_hit,,,False,,,True,,,,,
3,1,L2-85,2,auto_grid,P0_fit,,no_hit,,,False,,,True,,,,,
3,1,L2-86,2,auto_grid,P0_fit,,no_hit,,,False,,,True,,,,,
3,1,L2-87,2,auto_grid,P0_fit,,no_hit,,,False,,,True,,,,,
3,1,L2-88,2,auto_grid,P0_fit,,no_hit,,,False,,,True,,,,,
3,1,L2-89,2,auto_grid,P0_fit,,no_hit,,,False,,,True,,,,,
3,1,L2-90,2,auto_grid,P0_fit,,no_hit,,,False,,,True,,,,,
3,1,L2-91,2,auto_grid,P0_fit,,no_hit,,,False,,,True,,,,,
3,1,L2-92,2,auto_grid,P0_fit,,no_hit,,,False,,,True,,,,,
3,1,L2-93,2,auto_grid,P0_fit,,no_hit,,,False,,,True,,,,,
3,1,L2-94,2,auto_grid,P0_fit,,no_hit,,,False,,,True,,,,,
3,1,L2-95,2,auto_grid,P0_fit,,no_hit,,,False,,,True,,,,,
3,1,L2-96,2,auto_grid,P0_fit,,no_hit,,,False,,,True,,,,,
3,1,L2-97,2,auto_target,P1_zoom_in,,resolved,66,66,True,0,66,True,T01,27,False,,
3,1,L2-98,2,auto_target,P1_zoom_in,,resolved,65,65,True,0,65,True,T02,29,False,,
3,1,L2-99,2,auto_target,P1_zoom_in,,resolved,61,61,True,0,61,True,T05,27,False,,
3,1,L2-100,2,auto_target,P1_zoom_in,,resolved,36,36,True,0,36,True,T07,36,True,0,
3,1,L2-101,2,auto_target,P1_zoom_in,,resolved,48,49,True,1,48,True,T08,38,False,,
3,1,L2-102,2,auto_target,P1_zoom_in,,resolved,68,68,True,0,68,True,T09,40,False,,
3,1,L2-103,2,auto_target,P1_zoom_in,,resolved,68,67,True,1,68,True,T10,35,False,,
3,1,L2-104,2,auto_target,P1_zoom_in,,resolved,67,66,True,1,67,True,T11,39,False,,
3,1,L2-105,2,auto_target,P1_zoom_in,,resolved,43,48,True,5,43,True,T12,43,True,0,
3,1,L2-106,2,auto_target,P1_zoom_in,,resolved,47,47,True,0,47,True,T13,45,False,,
3,1,L2-107,2,auto_target,P1_zoom_in,,resolved,69,68,True,1,69,True,T14,47,False,,
3,1,L2-108,2,auto_target,P1_zoom_in,,resolved,52,52,True,0,52,True,T15,49,False,,
3,1,L2-109,2,auto_target,P1_zoom_in,,resolved,63,62,True,1,63,True,T16,45,False,,
3,1,L2-110,2,auto_target,P1_zoom_in,,resolved,52,52,True,0,52,True,T18,52,True,0,
3,1,L2-111,2,auto_target,P1_zoom_in,,resolved,54,54,True,0,54,True,T19,54,True,0,
3,1,L2-112,2,auto_target,P1_zoom_in,,resolved,55,56,True,1,55,True,T20,56,True,1,
3,1,L2-113,2,auto_target,P1_zoom_in,,resolved,67,67,True,0,67,True,T21,58,False,,
3,1,L2-114,2,auto_target,P1_zoom_in,,resolved,63,64,True,1,63,True,T23,58,False,,
3,1,L2-115,2,auto_target,P1_zoom_in,,resolved,63,63,True,0,63,True,T24,62,False,,
3,1,L2-116,2,auto_target,P1_zoom_in,,resolved,76,75,True,1,76,True,T25,64,False,,
3,1,L2-117,2,auto_target,P1_zoom_in,,resolved,65,65,True,0,65,True,T26,65,True,0,
3,1,L2-118,2,auto_target,P1_zoom_in,,resolved,67,67,True,0,67,True,T27,67,True,0,
3,1,L2-119,2,auto_target,P1_zoom_in,,resolved,69,69,True,0,69,True,T28,63,False,,
3,1,L2-120,2,auto_target,P1_zoom_in,,resolved,66,67,True,1,66,True,T29,66,True,0,
3,1,L2-121,2,auto_target,P1_zoom_in,,resolved,70,70,True,0,70,True,T30,70,True,0,
3,1,L2-122,2,auto_grid,P1_zoom_in,,no_hit,,,False,,,True,,,,,
3,1,L2-123,2,auto_grid,P1_zoom_in,,no_hit,,,False,,,True,,,,,
3,1,L2-124,2,auto_grid,P1_zoom_in,,no_hit,,,False,,,True,,,,,
3,1,L2-125,2,auto_grid,P1_zoom_in,,no_hit,,,False,,,True,,,,,
3,1,L2-126,2,auto_grid,P1_zoom_in,,no_hit,,,False,,,True,,,,,
3,1,L2-127,2,auto_grid,P1_zoom_in,,no_hit,,,False,,,True,,,,,
3,1,L2-128,2,auto_grid,P1_zoom_in,,no_hit,,,False,,,True,,,,,
3,1,L2-129,2,auto_grid,P1_zoom_in,,no_hit,,,False,,,True,,,,,
3,1,L2-130,2,auto_grid,P1_zoom_in,,no_hit,,,False,,,True,,,,,
3,1,L2-131,2,auto_grid,P1_zoom_in,,no_hit,,,False,,,True,,,,,
3,1,L2-132,2,auto_grid,P1_zoom_in,,no_hit,,,False,,,True,,,,,
3,1,L2-133,2,auto_grid,P1_zoom_in,,no_hit,,,False,,,True,,,,,
3,1,L2-134,2,auto_grid,P1_zoom_in,,no_hit,,,False,,,True,,,,,
3,1,L2-135,2,auto_grid,P1_zoom_in,,resolved,50,50,True,0,50,True,,,,,
3,1,L2-136,2,auto_grid,P1_zoom_in,,no_hit,,,False,,,True,,,,,
3,1,L2-137,2,auto_grid,P1_zoom_in,,no_hit,,,False,,,True,,,,,
3,1,L2-138,2,auto_grid,P1_zoom_in,,no_hit,,,False,,,True,,,,,
3,1,L2-139,2,auto_grid,P1_zoom_in,,no_hit,,,False,,,True,,,,,
3,1,L2-140,2,auto_grid,P1_zoom_in,,no_hit,,,False,,,True,,,,,
3,1,L2-141,2,auto_grid,P1_zoom_in,,no_hit,,,False,,,True,,,,,
3,1,L2-142,2,auto_grid,P1_zoom_in,,resolved,45,45,True,0,45,True,,,,,
3,1,L2-143,2,auto_grid,P1_zoom_in,,no_hit,,,False,,,True,,,,,
3,1,L2-144,2,auto_grid,P1_zoom_in,,no_hit,,,False,,,True,,,,,
3,1,L2-145,2,auto_grid,P1_zoom_in,,no_hit,,,False,,,True,,,,,
3,1,L2-146,2,auto_grid,P1_zoom_in,,resolved,71,70,True,1,71,True,,,,,
3,1,L2-147,2,auto_grid,P1_zoom_in,,resolved,62,62,True,0,62,True,,,,,
3,1,L2-148,2,auto_grid,P1_zoom_in,,resolved,57,57,True,0,57,True,,,,,
3,1,L2-149,2,auto_grid,P1_zoom_in,,resolved,54,54,True,0,54,True,,,,,
3,1,L2-150,2,auto_grid,P1_zoom_in,,resolved,50,51,True,1,50,True,,,,,
3,1,L2-151,2,auto_grid,P1_zoom_in,,no_hit,,,False,,,True,,,,,
3,1,L2-152,2,auto_grid,P1_zoom_in,,no_hit,,,False,,,True,,,,,
3,1,L2-153,2,auto_grid,P1_zoom_in,,no_hit,,,False,,,True,,,,,
3,1,L2-154,2,auto_grid,P1_zoom_in,,resolved,63,62,True,1,63,True,,,,,
3,1,L2-155,2,auto_grid,P1_zoom_in,,resolved,63,63,True,0,63,True,,,,,
3,1,L2-156,2,auto_grid,P1_zoom_in,,resolved,60,60,True,0,60,True,,,,,
3,1,L2-157,2,auto_grid,P1_zoom_in,,resolved,59,59,True,0,59,True,,,,,
3,1,L2-158,2,auto_grid,P1_zoom_in,,no_hit,,,False,,,True,,,,,
3,1,L2-159,2,auto_grid,P1_zoom_in,,no_hit,,,False,,,True,,,,,
3,1,L2-160,2,auto_grid,P1_zoom_in,,no_hit,,,False,,,True,,,,,
3,1,L2-161,2,auto_grid,P1_zoom_in,,resolved,69,68,True,1,69,True,,,,,
3,1,L2-162,2,auto_grid,P1_zoom_in,,resolved,64,65,True,1,64,True,,,,,
3,1,L2-163,2,auto_grid,P1_zoom_in,,resolved,60,60,True,0,60,True,,,,,
3,1,L2-164,2,auto_grid,P1_zoom_in,,no_hit,,,False,,,True,,,,,
3,1,L2-165,2,auto_grid,P1_zoom_in,,no_hit,,,False,,,True,,,,,
3,1,L2-166,2,auto_grid,P1_zoom_in,,no_hit,,,False,,,True,,,,,
3,1,L2-167,2,auto_grid,P1_zoom_in,,resolved,63,62,True,1,63,True,,,,,
3,1,L2-168,2,auto_grid,P1_zoom_in,,resolved,69,69,True,0,69,True,,,,,
3,1,L2-169,2,auto_grid,P1_zoom_in,,resolved,55,55,True,0,55,True,,,,,
3,1,L2-170,2,auto_grid,P1_zoom_in,,no_hit,,,False,,,True,,,,,
3,1,L2-171,2,auto_grid,P1_zoom_in,,no_hit,,,False,,,True,,,,,
3,1,L2-172,2,auto_grid,P1_zoom_in,,no_hit,,,False,,,True,,,,,
3,1,L2-173,2,auto_grid,P1_zoom_in,,resolved,68,68,True,0,68,True,,,,,
3,1,L2-174,2,auto_grid,P1_zoom_in,,resolved,72,72,True,0,72,True,,,,,
3,1,L2-175,2,auto_grid,P1_zoom_in,,resolved,68,68,True,0,68,True,,,,,
3,1,L2-176,2,auto_grid,P1_zoom_in,,no_hit,,,False,,,True,,,,,
3,1,L2-177,2,auto_grid,P1_zoom_in,,no_hit,,,False,,,True,,,,,
3,1,L2-178,2,auto_grid,P1_zoom_in,,no_hit,,,False,,,True,,,,,
3,1,L2-179,2,auto_grid,P1_zoom_in,,no_hit,,,False,,,True,,,,,
3,1,L2-180,2,auto_grid,P1_zoom_in,,resolved,74,73,True,1,74,True,,,,,
3,1,L2-181,2,auto_grid,P1_zoom_in,,resolved,72,72,True,0,72,True,,,,,
3,1,L2-182,2,auto_target,P2_zoom_out_high,,resolved,25,25,True,0,25,True,T00,25,True,0,
3,1,L2-183,2,auto_target,P2_zoom_out_high,,resolved,27,27,True,0,27,True,T01,27,True,0,
3,1,L2-184,2,auto_target,P2_zoom_out_high,,resolved,29,29,True,0,29,True,T02,29,True,0,
3,1,L2-185,2,auto_target,P2_zoom_out_high,,resolved,25,25,True,0,25,True,T03,31,False,,
3,1,L2-186,2,auto_target,P2_zoom_out_high,,resolved,23,23,True,0,23,True,T04,23,True,0,
3,1,L2-187,2,auto_target,P2_zoom_out_high,,resolved,27,27,True,0,27,True,T05,27,True,0,
3,1,L2-188,2,auto_target,P2_zoom_out_high,,resolved,27,27,True,0,27,True,T06,34,False,,
3,1,L2-189,2,auto_target,P2_zoom_out_high,,resolved,23,23,True,0,23,True,T07,36,False,,
3,1,L2-190,2,auto_target,P2_zoom_out_high,,resolved,33,33,True,0,33,True,T08,38,False,,
3,1,L2-191,2,auto_target,P2_zoom_out_high,,resolved,40,40,True,0,40,True,T09,40,True,0,
3,1,L2-192,2,auto_target,P2_zoom_out_high,,resolved,35,35,True,0,35,True,T10,35,True,0,
3,1,L2-193,2,auto_target,P2_zoom_out_high,,resolved,38,39,True,1,38,True,T11,39,True,1,
3,1,L2-194,2,auto_target,P2_zoom_out_high,,resolved,23,24,True,1,23,True,T12,43,False,,
3,1,L2-195,2,auto_target,P2_zoom_out_high,,resolved,42,42,True,0,42,True,T13,45,False,,
3,1,L2-196,2,auto_target,P2_zoom_out_high,,resolved,47,47,True,0,47,True,T14,47,True,0,
3,1,L2-197,2,auto_target,P2_zoom_out_high,,resolved,49,49,True,0,49,True,T15,49,True,0,
3,1,L2-198,2,auto_target,P2_zoom_out_high,,resolved,44,45,True,1,44,True,T16,45,True,1,
3,1,L2-199,2,auto_target,P2_zoom_out_high,,resolved,38,38,True,0,38,True,T17,49,False,,
3,1,L2-200,2,auto_target,P2_zoom_out_high,,resolved,31,31,True,0,31,True,T18,52,False,,
3,1,L2-201,2,auto_target,P2_zoom_out_high,,resolved,38,37,True,1,38,True,T19,54,False,,
3,1,L2-202,2,auto_target,P2_zoom_out_high,,resolved,32,32,True,0,32,True,T20,56,False,,
3,1,L2-203,2,auto_target,P2_zoom_out_high,,resolved,48,48,True,0,48,True,T21,58,False,,
3,1,L2-204,2,auto_target,P2_zoom_out_high,,resolved,48,48,True,0,48,True,T22,54,False,,
3,1,L2-205,2,auto_target,P2_zoom_out_high,,resolved,60,58,True,2,60,True,T23,58,False,,
3,1,L2-206,2,auto_target,P2_zoom_out_high,,resolved,57,58,True,1,57,True,T24,62,False,,
3,1,L2-207,2,auto_target,P2_zoom_out_high,,resolved,64,64,True,0,64,True,T25,64,True,0,
3,1,L2-208,2,auto_target,P2_zoom_out_high,,resolved,64,51,True,13,64,True,T26,65,False,,
3,1,L2-209,2,auto_target,P2_zoom_out_high,,resolved,45,45,True,0,45,True,T27,67,False,,
3,1,L2-210,2,auto_target,P2_zoom_out_high,,resolved,45,45,True,0,45,True,T28,63,False,,
3,1,L2-211,2,auto_target,P2_zoom_out_high,,resolved,66,66,True,0,66,True,T29,66,True,0,
3,1,L2-212,2,auto_target,P2_zoom_out_high,,resolved,66,66,True,0,66,True,T30,70,False,,
3,1,L2-213,2,auto_target,P2_zoom_out_high,,resolved,72,72,True,0,72,True,T31,72,True,0,
3,1,L2-214,2,auto_target,P2_zoom_out_high,,resolved,74,74,True,0,74,True,T32,74,True,0,
3,1,L2-215,2,auto_target,P2_zoom_out_high,,resolved,76,76,True,0,76,True,T33,76,True,0,
3,1,L2-216,2,auto_target,P2_zoom_out_high,,resolved,69,68,True,1,69,True,T34,70,False,,
3,1,L2-217,2,auto_target,P2_zoom_out_high,,resolved,70,70,True,0,70,True,T35,74,False,,
3,1,L2-218,2,auto_grid,P2_zoom_out_high,,no_hit,,,False,,,True,,,,,
3,1,L2-219,2,auto_grid,P2_zoom_out_high,,no_hit,,,False,,,True,,,,,
3,1,L2-220,2,auto_grid,P2_zoom_out_high,,no_hit,,,False,,,True,,,,,
3,1,L2-221,2,auto_grid,P2_zoom_out_high,,no_hit,,,False,,,True,,,,,
3,1,L2-222,2,auto_grid,P2_zoom_out_high,,no_hit,,,False,,,True,,,,,
3,1,L2-223,2,auto_grid,P2_zoom_out_high,,no_hit,,,False,,,True,,,,,
3,1,L2-224,2,auto_grid,P2_zoom_out_high,,no_hit,,,False,,,True,,,,,
3,1,L2-225,2,auto_grid,P2_zoom_out_high,,no_hit,,,False,,,True,,,,,
3,1,L2-226,2,auto_grid,P2_zoom_out_high,,no_hit,,,False,,,True,,,,,
3,1,L2-227,2,auto_grid,P2_zoom_out_high,,no_hit,,,False,,,True,,,,,
3,1,L2-228,2,auto_grid,P2_zoom_out_high,,no_hit,,,False,,,True,,,,,
3,1,L2-229,2,auto_grid,P2_zoom_out_high,,no_hit,,,False,,,True,,,,,
3,1,L2-230,2,auto_grid,P2_zoom_out_high,,no_hit,,,False,,,True,,,,,
3,1,L2-231,2,auto_grid,P2_zoom_out_high,,no_hit,,,False,,,True,,,,,
3,1,L2-232,2,auto_grid,P2_zoom_out_high,,no_hit,,,False,,,True,,,,,
3,1,L2-233,2,auto_grid,P2_zoom_out_high,,no_hit,,,False,,,True,,,,,
3,1,L2-234,2,auto_grid,P2_zoom_out_high,,no_hit,,,False,,,True,,,,,
3,1,L2-235,2,auto_grid,P2_zoom_out_high,,no_hit,,,False,,,True,,,,,
3,1,L2-236,2,auto_grid,P2_zoom_out_high,,no_hit,,,False,,,True,,,,,
3,1,L2-237,2,auto_grid,P2_zoom_out_high,,no_hit,,,False,,,True,,,,,
3,1,L2-238,2,auto_grid,P2_zoom_out_high,,resolved,23,23,True,0,23,True,,,,,
3,1,L2-239,2,auto_grid,P2_zoom_out_high,,no_hit,,,False,,,True,,,,,
3,1,L2-240,2,auto_grid,P2_zoom_out_high,,no_hit,,,False,,,True,,,,,
3,1,L2-241,2,auto_grid,P2_zoom_out_high,,no_hit,,,False,,,True,,,,,
3,1,L2-242,2,auto_grid,P2_zoom_out_high,,no_hit,,,False,,,True,,,,,
3,1,L2-243,2,auto_grid,P2_zoom_out_high,,resolved,71,71,True,0,71,True,,,,,
3,1,L2-244,2,auto_grid,P2_zoom_out_high,,resolved,35,35,True,0,35,True,,,,,
3,1,L2-245,2,auto_grid,P2_zoom_out_high,,no_hit,,,False,,,True,,,,,
3,1,L2-246,2,auto_grid,P2_zoom_out_high,,no_hit,,,False,,,True,,,,,
3,1,L2-247,2,auto_grid,P2_zoom_out_high,,no_hit,,,False,,,True,,,,,
3,1,L2-248,2,auto_grid,P2_zoom_out_high,,no_hit,,,False,,,True,,,,,
3,1,L2-249,2,auto_grid,P2_zoom_out_high,,no_hit,,,False,,,True,,,,,
3,1,L2-250,2,auto_grid,P2_zoom_out_high,,no_hit,,,False,,,True,,,,,
3,1,L2-251,2,auto_grid,P2_zoom_out_high,,resolved,37,37,True,0,37,True,,,,,
3,1,L2-252,2,auto_grid,P2_zoom_out_high,,no_hit,,,False,,,True,,,,,
3,1,L2-253,2,auto_grid,P2_zoom_out_high,,no_hit,,,False,,,True,,,,,
3,1,L2-254,2,auto_grid,P2_zoom_out_high,,no_hit,,,False,,,True,,,,,
3,1,L2-255,2,auto_grid,P2_zoom_out_high,,no_hit,,,False,,,True,,,,,
3,1,L2-256,2,auto_grid,P2_zoom_out_high,,no_hit,,,False,,,True,,,,,
3,1,L2-257,2,auto_grid,P2_zoom_out_high,,no_hit,,,False,,,True,,,,,
3,1,L2-258,2,auto_grid,P2_zoom_out_high,,no_hit,,,False,,,True,,,,,
3,1,L2-259,2,auto_grid,P2_zoom_out_high,,no_hit,,,False,,,True,,,,,
3,1,L2-260,2,auto_grid,P2_zoom_out_high,,no_hit,,,False,,,True,,,,,
3,1,L2-261,2,auto_grid,P2_zoom_out_high,,no_hit,,,False,,,True,,,,,
3,1,L2-262,2,auto_grid,P2_zoom_out_high,,no_hit,,,False,,,True,,,,,
3,1,L2-263,2,auto_grid,P2_zoom_out_high,,no_hit,,,False,,,True,,,,,
3,1,L2-264,2,auto_grid,P2_zoom_out_high,,no_hit,,,False,,,True,,,,,
3,1,L2-265,2,auto_grid,P2_zoom_out_high,,no_hit,,,False,,,True,,,,,
3,1,L2-266,2,auto_grid,P2_zoom_out_high,,no_hit,,,False,,,True,,,,,
3,1,L2-267,2,auto_grid,P2_zoom_out_high,,no_hit,,,False,,,True,,,,,
3,1,L2-268,2,auto_grid,P2_zoom_out_high,,no_hit,,,False,,,True,,,,,
3,1,L2-269,2,auto_grid,P2_zoom_out_high,,no_hit,,,False,,,True,,,,,
3,1,L2-270,2,auto_grid,P2_zoom_out_high,,no_hit,,,False,,,True,,,,,
3,1,L2-271,2,auto_grid,P2_zoom_out_high,,no_hit,,,False,,,True,,,,,
3,1,L2-272,2,auto_grid,P2_zoom_out_high,,no_hit,,,False,,,True,,,,,
3,1,L2-273,2,auto_grid,P2_zoom_out_high,,no_hit,,,False,,,True,,,,,
3,1,L2-274,2,auto_grid,P2_zoom_out_high,,no_hit,,,False,,,True,,,,,
3,1,L2-275,2,auto_grid,P2_zoom_out_high,,no_hit,,,False,,,True,,,,,
3,1,L2-276,2,auto_grid,P2_zoom_out_high,,no_hit,,,False,,,True,,,,,
3,1,L2-277,2,auto_grid,P2_zoom_out_high,,no_hit,,,False,,,True,,,,,
3,1,L2-278,2,auto_target,P3_from_below,,resolved,25,25,True,0,25,True,T00,25,False,,
3,1,L2-279,2,auto_target,P3_from_below,,resolved,26,26,True,0,26,True,T01,27,False,,
3,1,L2-280,2,auto_target,P3_from_below,,resolved,28,28,True,0,28,True,T02,29,False,,
3,1,L2-281,2,auto_target,P3_from_below,,resolved,31,31,True,0,31,True,T03,31,True,0,
3,1,L2-282,2,auto_target,P3_from_below,,resolved,23,23,True,0,23,True,T04,23,True,0,
3,1,L2-283,2,auto_target,P3_from_below,,no_hit,,27,False,,,True,T05,27,,,
3,1,L2-284,2,auto_target,P3_from_below,,resolved,34,34,True,0,34,True,T06,34,True,0,
3,1,L2-285,2,auto_target,P3_from_below,,resolved,36,36,True,0,36,True,T07,36,True,0,
3,1,L2-286,2,auto_target,P3_from_below,,resolved,38,38,True,0,38,True,T08,38,True,0,
3,1,L2-287,2,auto_target,P3_from_below,,resolved,36,36,True,0,36,True,T09,40,False,,
3,1,L2-288,2,auto_target,P3_from_below,,resolved,32,32,True,0,32,True,T10,35,False,,
3,1,L2-289,2,auto_target,P3_from_below,,resolved,36,36,True,0,36,True,T11,39,False,,
3,1,L2-290,2,auto_target,P3_from_below,,resolved,43,43,True,0,43,True,T12,43,True,0,
3,1,L2-291,2,auto_target,P3_from_below,,resolved,45,45,True,0,45,True,T13,45,True,0,
3,1,L2-292,2,auto_target,P3_from_below,,resolved,41,41,True,0,41,True,T14,47,False,,
3,1,L2-293,2,auto_target,P3_from_below,,resolved,47,47,True,0,47,True,T15,49,False,,
3,1,L2-294,2,auto_target,P3_from_below,,resolved,41,41,True,0,41,True,T16,45,False,,
3,1,L2-295,2,auto_target,P3_from_below,,resolved,49,49,True,0,49,True,T17,49,True,0,
3,1,L2-296,2,auto_target,P3_from_below,,resolved,52,52,True,0,52,True,T18,52,True,0,
3,1,L2-297,2,auto_target,P3_from_below,,resolved,54,54,True,0,54,True,T19,54,True,0,
3,1,L2-298,2,auto_target,P3_from_below,,resolved,56,56,True,0,56,True,T20,56,True,0,
3,1,L2-299,2,auto_target,P3_from_below,,resolved,52,52,True,0,52,True,T21,58,False,,
3,1,L2-300,2,auto_target,P3_from_below,,resolved,50,50,True,0,50,True,T22,54,False,,
3,1,L2-301,2,auto_target,P3_from_below,,resolved,52,52,True,0,52,True,T23,58,False,,
3,1,L2-302,2,auto_target,P3_from_below,,resolved,62,62,True,0,62,True,T24,62,True,0,
3,1,L2-303,2,auto_target,P3_from_below,,resolved,54,54,True,0,54,True,T25,64,False,,
3,1,L2-304,2,auto_target,P3_from_below,,resolved,65,65,True,0,65,True,T26,65,True,0,
3,1,L2-305,2,auto_target,P3_from_below,,resolved,67,67,True,0,67,True,T27,67,True,0,
3,1,L2-306,2,auto_target,P3_from_below,,resolved,58,58,True,0,58,True,T28,63,False,,
3,1,L2-307,2,auto_target,P3_from_below,,resolved,66,60,True,6,66,True,T29,66,True,0,
3,1,L2-308,2,auto_target,P3_from_below,,resolved,60,60,True,0,60,True,T30,70,False,,
3,1,L2-309,2,auto_target,P3_from_below,,resolved,64,64,True,0,64,True,T31,72,False,,
3,1,L2-310,2,auto_target,P3_from_below,,resolved,66,66,True,0,66,True,T32,74,False,,
3,1,L2-311,2,auto_target,P3_from_below,,resolved,68,68,True,0,68,True,T33,76,False,,
3,1,L2-312,2,auto_target,P3_from_below,,resolved,60,60,True,0,60,True,T34,70,False,,
3,1,L2-313,2,auto_target,P3_from_below,,resolved,74,74,True,0,74,True,T35,74,True,0,
3,1,L2-314,2,auto_grid,P3_from_below,,no_hit,,,False,,,True,,,,,
3,1,L2-315,2,auto_grid,P3_from_below,,resolved,75,75,True,0,75,True,,,,,
3,1,L2-316,2,auto_grid,P3_from_below,,no_hit,,,False,,,True,,,,,
3,1,L2-317,2,auto_grid,P3_from_below,,no_hit,,,False,,,True,,,,,
3,1,L2-318,2,auto_grid,P3_from_below,,no_hit,,,False,,,True,,,,,
3,1,L2-319,2,auto_grid,P3_from_below,,no_hit,,,False,,,True,,,,,
3,1,L2-320,2,auto_grid,P3_from_below,,no_hit,,,False,,,True,,,,,
3,1,L2-321,2,auto_grid,P3_from_below,,resolved,56,56,True,0,56,True,,,,,
3,1,L2-322,2,auto_grid,P3_from_below,,no_hit,,,False,,,True,,,,,
3,1,L2-323,2,auto_grid,P3_from_below,,no_hit,,,False,,,True,,,,,
3,1,L2-324,2,auto_grid,P3_from_below,,no_hit,,,False,,,True,,,,,
3,1,L2-325,2,auto_grid,P3_from_below,,no_hit,,,False,,,True,,,,,
3,1,L2-326,2,auto_grid,P3_from_below,,resolved,34,34,True,0,34,True,,,,,
3,1,L2-327,2,auto_grid,P3_from_below,,resolved,49,49,True,0,49,True,,,,,
3,1,L2-328,2,auto_grid,P3_from_below,,resolved,69,69,True,0,69,True,,,,,
3,1,L2-329,2,auto_grid,P3_from_below,,no_hit,,,False,,,True,,,,,
3,1,L2-330,2,auto_grid,P3_from_below,,no_hit,,,False,,,True,,,,,
3,1,L2-331,2,auto_grid,P3_from_below,,no_hit,,,False,,,True,,,,,
3,1,L2-332,2,auto_grid,P3_from_below,,resolved,26,26,True,0,26,True,,,,,
3,1,L2-333,2,auto_grid,P3_from_below,,resolved,41,41,True,0,41,True,,,,,
3,1,L2-334,2,auto_grid,P3_from_below,,resolved,58,58,True,0,58,True,,,,,
3,1,L2-335,2,auto_grid,P3_from_below,,no_hit,,,False,,,True,,,,,
3,1,L2-336,2,auto_grid,P3_from_below,,no_hit,,,False,,,True,,,,,
3,1,L2-337,2,auto_grid,P3_from_below,,no_hit,,,False,,,True,,,,,
3,1,L2-338,2,auto_grid,P3_from_below,,no_hit,,,False,,,True,,,,,
3,1,L2-339,2,auto_grid,P3_from_below,,resolved,34,34,True,0,34,True,,,,,
3,1,L2-340,2,auto_grid,P3_from_below,,resolved,49,49,True,0,49,True,,,,,
3,1,L2-341,2,auto_grid,P3_from_below,,no_hit,,,False,,,True,,,,,
3,1,L2-342,2,auto_grid,P3_from_below,,no_hit,,,False,,,True,,,,,
3,1,L2-343,2,auto_grid,P3_from_below,,no_hit,,,False,,,True,,,,,
3,1,L2-344,2,auto_grid,P3_from_below,,no_hit,,,False,,,True,,,,,
3,1,L2-345,2,auto_grid,P3_from_below,,resolved,26,26,True,0,26,True,,,,,
3,1,L2-346,2,auto_grid,P3_from_below,,resolved,41,41,True,0,41,True,,,,,
3,1,L2-347,2,auto_grid,P3_from_below,,resolved,59,58,True,1,59,True,,,,,
3,1,L2-348,2,auto_grid,P3_from_below,,no_hit,,,False,,,True,,,,,
3,1,L2-349,2,auto_grid,P3_from_below,,no_hit,,,False,,,True,,,,,
3,1,L2-350,2,auto_grid,P3_from_below,,no_hit,,,False,,,True,,,,,
3,1,L2-351,2,auto_grid,P3_from_below,,no_hit,,,False,,,True,,,,,
3,1,L2-352,2,auto_grid,P3_from_below,,resolved,35,35,True,0,35,True,,,,,
3,1,L2-353,2,auto_grid,P3_from_below,,resolved,48,48,True,0,48,True,,,,,
3,1,L2-354,2,auto_grid,P3_from_below,,no_hit,,,False,,,True,,,,,
3,1,L2-355,2,auto_grid,P3_from_below,,no_hit,,,False,,,True,,,,,
3,1,L2-356,2,auto_grid,P3_from_below,,no_hit,,,False,,,True,,,,,
3,1,L2-357,2,auto_grid,P3_from_below,,no_hit,,,False,,,True,,,,,
3,1,L2-358,2,auto_grid,P3_from_below,,no_hit,,,False,,,True,,,,,
3,1,L2-359,2,auto_grid,P3_from_below,,resolved,41,41,True,0,41,True,,,,,
3,1,L2-360,2,auto_grid,P3_from_below,,resolved,59,59,True,0,59,True,,,,,
3,1,L2-361,2,auto_grid,P3_from_below,,no_hit,,,False,,,True,,,,,
3,1,L2-362,2,auto_grid,P3_from_below,,no_hit,,,False,,,True,,,,,
3,1,L2-363,2,auto_grid,P3_from_below,,no_hit,,,False,,,True,,,,,
3,1,L2-364,2,auto_grid,P3_from_below,,no_hit,,,False,,,True,,,,,
3,1,L2-365,2,auto_grid,P3_from_below,,no_hit,,,False,,,True,,,,,
3,1,L2-366,2,auto_grid,P3_from_below,,no_hit,,46,False,,,True,,,,,
3,1,L2-367,2,auto_grid,P3_from_below,,no_hit,,,False,,,True,,,,,
3,1,L2-368,2,auto_grid,P3_from_below,,no_hit,,,False,,,True,,,,,
3,1,L2-369,2,auto_grid,P3_from_below,,no_hit,,,False,,,True,,,,,
3,1,L2-370,2,auto_grid,P3_from_below,,no_hit,,,False,,,True,,,,,
3,1,L2-371,2,auto_grid,P3_from_below,,no_hit,,,False,,,True,,,,,
3,1,L2-372,2,auto_grid,P3_from_below,,no_hit,,,False,,,True,,,,,
3,1,L2-373,2,auto_grid,P3_from_below,,no_hit,,,False,,,True,,,,,
3,1,L2-374,2,auto_target,P4_close_side,,resolved,24,25,True,1,24,True,T01,27,False,,
3,1,L2-375,2,auto_target,P4_close_side,,resolved,26,25,True,1,26,True,T02,29,False,,
3,1,L2-376,2,auto_target,P4_close_side,,resolved,27,27,True,0,27,True,T05,27,True,0,
3,1,L2-377,2,auto_target,P4_close_side,,resolved,36,36,True,0,36,True,T07,36,True,0,
3,1,L2-378,2,auto_target,P4_close_side,,resolved,38,38,True,0,38,True,T08,38,True,0,
3,1,L2-379,2,auto_target,P4_close_side,,resolved,24,24,True,0,24,True,T09,40,False,,
3,1,L2-380,2,auto_target,P4_close_side,,resolved,23,23,True,0,23,True,T10,35,False,,
3,1,L2-381,2,auto_target,P4_close_side,,resolved,38,39,True,1,38,True,T11,39,True,1,
3,1,L2-382,2,auto_target,P4_close_side,,resolved,42,41,True,1,42,True,T12,43,False,,
3,1,L2-383,2,auto_target,P4_close_side,,resolved,38,38,True,0,38,True,T14,47,False,,
3,1,L2-384,2,auto_target,P4_close_side,,resolved,44,45,True,1,44,True,T16,45,True,1,
3,1,L2-385,2,auto_target,P4_close_side,,resolved,39,40,True,1,39,True,T18,52,False,,
3,1,L2-386,2,auto_target,P4_close_side,,resolved,39,38,True,1,39,True,T19,54,False,,
3,1,L2-387,2,auto_target,P4_close_side,,resolved,47,47,True,0,47,True,T20,56,False,,
3,1,L2-388,2,auto_target,P4_close_side,,resolved,28,29,True,1,28,True,T23,58,False,,
3,1,L2-389,2,auto_target,P4_close_side,,resolved,23,23,True,0,23,True,T25,64,False,,
3,1,L2-390,2,auto_target,P4_close_side,,resolved,27,27,True,0,27,True,T27,67,False,,
3,1,L2-391,2,auto_target,P4_close_side,,resolved,23,23,True,0,23,True,T28,63,False,,
3,1,L2-392,2,auto_target,P4_close_side,,resolved,23,23,True,0,23,True,T30,70,False,,
3,1,L2-393,2,auto_target,P4_close_side,,resolved,23,23,True,0,23,True,T34,70,False,,
3,1,L2-394,2,auto_grid,P4_close_side,,no_hit,,,False,,,True,,,,,
3,1,L2-395,2,auto_grid,P4_close_side,,no_hit,,,False,,,True,,,,,
3,1,L2-396,2,auto_grid,P4_close_side,,no_hit,,,False,,,True,,,,,
3,1,L2-397,2,auto_grid,P4_close_side,,no_hit,,,False,,,True,,,,,
3,1,L2-398,2,auto_grid,P4_close_side,,no_hit,,,False,,,True,,,,,
3,1,L2-399,2,auto_grid,P4_close_side,,no_hit,,,False,,,True,,,,,
3,1,L2-400,2,auto_grid,P4_close_side,,no_hit,,,False,,,True,,,,,
3,1,L2-401,2,auto_grid,P4_close_side,,no_hit,,,False,,,True,,,,,
3,1,L2-402,2,auto_grid,P4_close_side,,no_hit,,,False,,,True,,,,,
3,1,L2-403,2,auto_grid,P4_close_side,,no_hit,,,False,,,True,,,,,
3,1,L2-404,2,auto_grid,P4_close_side,,no_hit,,,False,,,True,,,,,
3,1,L2-405,2,auto_grid,P4_close_side,,no_hit,,,False,,,True,,,,,
3,1,L2-406,2,auto_grid,P4_close_side,,resolved,50,50,True,0,50,True,,,,,
3,1,L2-407,2,auto_grid,P4_close_side,,no_hit,,,False,,,True,,,,,
3,1,L2-408,2,auto_grid,P4_close_side,,no_hit,,,False,,,True,,,,,
3,1,L2-409,2,auto_grid,P4_close_side,,no_hit,,,False,,,True,,,,,
3,1,L2-410,2,auto_grid,P4_close_side,,no_hit,,,False,,,True,,,,,
3,1,L2-411,2,auto_grid,P4_close_side,,no_hit,,,False,,,True,,,,,
3,1,L2-412,2,auto_grid,P4_close_side,,resolved,28,28,True,0,28,True,,,,,
3,1,L2-413,2,auto_grid,P4_close_side,,resolved,31,31,True,0,31,True,,,,,
3,1,L2-414,2,auto_grid,P4_close_side,,resolved,35,35,True,0,35,True,,,,,
3,1,L2-415,2,auto_grid,P4_close_side,,no_hit,,,False,,,True,,,,,
3,1,L2-416,2,auto_grid,P4_close_side,,no_hit,,,False,,,True,,,,,
3,1,L2-417,2,auto_grid,P4_close_side,,no_hit,,,False,,,True,,,,,
3,1,L2-418,2,auto_grid,P4_close_side,,resolved,23,23,True,0,23,True,,,,,
3,1,L2-419,2,auto_grid,P4_close_side,,resolved,24,25,True,1,24,True,,,,,
3,1,L2-420,2,auto_grid,P4_close_side,,resolved,28,29,True,1,28,True,,,,,
3,1,L2-421,2,auto_grid,P4_close_side,,resolved,32,33,True,1,32,True,,,,,
3,1,L2-422,2,auto_grid,P4_close_side,,resolved,36,36,True,0,36,True,,,,,
3,1,L2-423,2,auto_grid,P4_close_side,,resolved,40,41,True,1,40,True,,,,,
3,1,L2-424,2,auto_grid,P4_close_side,,resolved,23,23,True,0,23,True,,,,,
3,1,L2-425,2,auto_grid,P4_close_side,,resolved,23,23,True,0,23,True,,,,,
3,1,L2-426,2,auto_grid,P4_close_side,,resolved,24,25,True,1,24,True,,,,,
3,1,L2-427,2,auto_grid,P4_close_side,,resolved,28,29,True,1,28,True,,,,,
3,1,L2-428,2,auto_grid,P4_close_side,,resolved,32,32,True,0,32,True,,,,,
3,1,L2-429,2,auto_grid,P4_close_side,,resolved,35,36,True,1,35,True,,,,,
3,1,L2-430,2,auto_grid,P4_close_side,,resolved,23,23,True,0,23,True,,,,,
3,1,L2-431,2,auto_grid,P4_close_side,,resolved,23,23,True,0,23,True,,,,,
3,1,L2-432,2,auto_grid,P4_close_side,,resolved,23,23,True,0,23,True,,,,,
3,1,L2-433,2,auto_grid,P4_close_side,,resolved,27,27,True,0,27,True,,,,,
3,1,L2-434,2,auto_grid,P4_close_side,,resolved,31,31,True,0,31,True,,,,,
3,1,L2-435,2,auto_grid,P4_close_side,,resolved,34,35,True,1,34,True,,,,,
3,1,L2-436,2,auto_grid,P4_close_side,,resolved,23,23,True,0,23,True,,,,,
3,1,L2-437,2,auto_grid,P4_close_side,,resolved,23,23,True,0,23,True,,,,,
3,1,L2-438,2,auto_grid,P4_close_side,,resolved,23,24,True,1,23,True,,,,,
3,1,L2-439,2,auto_grid,P4_close_side,,resolved,28,29,True,1,28,True,,,,,
3,1,L2-440,2,auto_grid,P4_close_side,,resolved,31,32,True,1,31,True,,,,,
3,1,L2-441,2,auto_grid,P4_close_side,,resolved,35,35,True,0,35,True,,,,,
3,1,L2-442,2,auto_grid,P4_close_side,,resolved,23,23,True,0,23,True,,,,,
3,1,L2-443,2,auto_grid,P4_close_side,,resolved,23,23,True,0,23,True,,,,,
3,1,L2-444,2,auto_grid,P4_close_side,,resolved,26,26,True,0,26,True,,,,,
3,1,L2-445,2,auto_grid,P4_close_side,,resolved,39,38,True,1,39,True,,,,,
3,1,L2-446,2,auto_grid,P4_close_side,,resolved,37,37,True,0,37,True,,,,,
3,1,L2-447,2,auto_grid,P4_close_side,,resolved,46,46,True,0,46,True,,,,,
3,1,L2-448,2,auto_grid,P4_close_side,,resolved,23,23,True,0,23,True,,,,,
3,1,L2-449,2,auto_grid,P4_close_side,,no_hit,,26,False,,,True,,,,,
3,1,L2-450,2,auto_grid,P4_close_side,,no_hit,,,False,,,True,,,,,
3,1,L2-451,2,auto_grid,P4_close_side,,no_hit,,,False,,,True,,,,,
3,1,L2-452,2,auto_grid,P4_close_side,,no_hit,,,False,,,True,,,,,
3,1,L2-453,2,auto_grid,P4_close_side,,no_hit,,,False,,,True,,,,,
3,1,L2-454,2,auto_target,P5_near_top_down,,resolved,25,25,True,0,25,True,T00,25,True,0,
3,1,L2-455,2,auto_target,P5_near_top_down,,resolved,27,27,True,0,27,True,T01,27,True,0,
3,1,L2-456,2,auto_target,P5_near_top_down,,resolved,29,29,True,0,29,True,T02,29,True,0,
3,1,L2-457,2,auto_target,P5_near_top_down,,resolved,35,35,True,0,35,True,T03,31,False,,
3,1,L2-458,2,auto_target,P5_near_top_down,,resolved,25,25,True,0,25,True,T04,23,False,,
3,1,L2-459,2,auto_target,P5_near_top_down,,resolved,26,27,True,1,26,True,T05,27,False,,
3,1,L2-460,2,auto_target,P5_near_top_down,,resolved,38,38,True,0,38,True,T06,34,False,,
3,1,L2-461,2,auto_target,P5_near_top_down,,resolved,41,41,True,0,41,True,T07,36,False,,
3,1,L2-462,2,auto_target,P5_near_top_down,,resolved,41,41,True,0,41,True,T08,38,False,,
3,1,L2-463,2,auto_target,P5_near_top_down,,resolved,40,40,True,0,40,True,T09,40,True,0,
3,1,L2-464,2,auto_target,P5_near_top_down,,resolved,36,35,True,1,36,True,T10,35,True,1,
3,1,L2-465,2,auto_target,P5_near_top_down,,resolved,39,39,True,0,39,True,T11,39,True,0,
3,1,L2-466,2,auto_target,P5_near_top_down,,resolved,46,46,True,0,46,True,T12,43,False,,
3,1,L2-467,2,auto_target,P5_near_top_down,,resolved,46,46,True,0,46,True,T13,45,False,,
3,1,L2-468,2,auto_target,P5_near_top_down,,resolved,47,47,True,0,47,True,T14,47,True,0,
3,1,L2-469,2,auto_target,P5_near_top_down,,resolved,49,49,True,0,49,True,T15,49,True,0,
3,1,L2-470,2,auto_target,P5_near_top_down,,resolved,45,45,True,0,45,True,T16,45,True,0,
3,1,L2-471,2,auto_target,P5_near_top_down,,resolved,52,52,True,0,52,True,T17,49,False,,
3,1,L2-472,2,auto_target,P5_near_top_down,,resolved,54,54,True,0,54,True,T18,52,False,,
3,1,L2-473,2,auto_target,P5_near_top_down,,resolved,56,56,True,0,56,True,T19,54,False,,
3,1,L2-474,2,auto_target,P5_near_top_down,,resolved,58,58,True,0,58,True,T20,56,False,,
3,1,L2-475,2,auto_target,P5_near_top_down,,resolved,59,58,True,1,59,True,T21,58,False,,
3,1,L2-476,2,auto_target,P5_near_top_down,,resolved,55,54,True,1,55,True,T22,54,False,,
3,1,L2-477,2,auto_target,P5_near_top_down,,resolved,58,58,True,0,58,True,T23,58,True,0,
3,1,L2-478,2,auto_target,P5_near_top_down,,resolved,62,62,True,0,62,True,T24,62,False,,
3,1,L2-479,2,auto_target,P5_near_top_down,,resolved,64,64,True,0,64,True,T25,64,True,0,
3,1,L2-480,2,auto_target,P5_near_top_down,,resolved,65,65,True,0,65,True,T26,65,False,,
3,1,L2-481,2,auto_target,P5_near_top_down,,resolved,67,67,True,0,67,True,T27,67,False,,
3,1,L2-482,2,auto_target,P5_near_top_down,,resolved,63,63,True,0,63,True,T28,63,False,,
3,1,L2-483,2,auto_target,P5_near_top_down,,resolved,66,66,True,0,66,True,T29,66,False,,
3,1,L2-484,2,auto_target,P5_near_top_down,,resolved,70,70,True,0,70,True,T30,70,False,,
3,1,L2-485,2,auto_target,P5_near_top_down,,resolved,72,72,True,0,72,True,T31,72,True,0,
3,1,L2-486,2,auto_target,P5_near_top_down,,resolved,74,74,True,0,74,True,T32,74,True,0,
3,1,L2-487,2,auto_target,P5_near_top_down,,resolved,76,76,True,0,76,True,T33,76,True,0,
3,1,L2-488,2,auto_target,P5_near_top_down,,resolved,70,70,True,0,70,True,T34,70,False,,
3,1,L2-489,2,auto_target,P5_near_top_down,,resolved,74,74,True,0,74,True,T35,74,False,,
3,1,L2-490,2,auto_grid,P5_near_top_down,,no_hit,,,False,,,True,,,,,
3,1,L2-491,2,auto_grid,P5_near_top_down,,no_hit,,,False,,,True,,,,,
3,1,L2-492,2,auto_grid,P5_near_top_down,,resolved,78,78,True,0,78,True,,,,,
3,1,L2-493,2,auto_grid,P5_near_top_down,,no_hit,,,False,,,True,,,,,
3,1,L2-494,2,auto_grid,P5_near_top_down,,no_hit,,,False,,,True,,,,,
3,1,L2-495,2,auto_grid,P5_near_top_down,,no_hit,,,False,,,True,,,,,
3,1,L2-496,2,auto_grid,P5_near_top_down,,no_hit,,,False,,,True,,,,,
3,1,L2-497,2,auto_grid,P5_near_top_down,,no_hit,,,False,,,True,,,,,
3,1,L2-498,2,auto_grid,P5_near_top_down,,no_hit,,,False,,,True,,,,,
3,1,L2-499,2,auto_grid,P5_near_top_down,,resolved,53,53,True,0,53,True,,,,,
3,1,L2-500,2,auto_grid,P5_near_top_down,,resolved,27,27,True,0,27,True,,,,,
3,1,L2-501,2,auto_grid,P5_near_top_down,,no_hit,,,False,,,True,,,,,
3,1,L2-502,2,auto_grid,P5_near_top_down,,no_hit,,,False,,,True,,,,,
3,1,L2-503,2,auto_grid,P5_near_top_down,,no_hit,,,False,,,True,,,,,
3,1,L2-504,2,auto_grid,P5_near_top_down,,no_hit,,,False,,,True,,,,,
3,1,L2-505,2,auto_grid,P5_near_top_down,,resolved,54,53,True,1,54,True,,,,,
3,1,L2-506,2,auto_grid,P5_near_top_down,,resolved,30,30,True,0,30,True,,,,,
3,1,L2-507,2,auto_grid,P5_near_top_down,,no_hit,,,False,,,True,,,,,
3,1,L2-508,2,auto_grid,P5_near_top_down,,no_hit,,,False,,,True,,,,,
3,1,L2-509,2,auto_grid,P5_near_top_down,,no_hit,,,False,,,True,,,,,
3,1,L2-510,2,auto_grid,P5_near_top_down,,no_hit,,,False,,,True,,,,,
3,1,L2-511,2,auto_grid,P5_near_top_down,,resolved,54,54,True,0,54,True,,,,,
3,1,L2-512,2,auto_grid,P5_near_top_down,,resolved,29,29,True,0,29,True,,,,,
3,1,L2-513,2,auto_grid,P5_near_top_down,,no_hit,,,False,,,True,,,,,
3,1,L2-514,2,auto_grid,P5_near_top_down,,no_hit,,,False,,,True,,,,,
3,1,L2-515,2,auto_grid,P5_near_top_down,,no_hit,,,False,,,True,,,,,
3,1,L2-516,2,auto_grid,P5_near_top_down,,no_hit,,,False,,,True,,,,,
3,1,L2-517,2,auto_grid,P5_near_top_down,,resolved,54,54,True,0,54,True,,,,,
3,1,L2-518,2,auto_grid,P5_near_top_down,,no_hit,,,False,,,True,,,,,
3,1,L2-519,2,auto_grid,P5_near_top_down,,no_hit,,,False,,,True,,,,,
3,1,L2-520,2,auto_grid,P5_near_top_down,,no_hit,,,False,,,True,,,,,
3,1,L2-521,2,auto_grid,P5_near_top_down,,no_hit,,,False,,,True,,,,,
3,1,L2-522,2,auto_grid,P5_near_top_down,,no_hit,,,False,,,True,,,,,
3,1,L2-523,2,auto_grid,P5_near_top_down,,resolved,55,55,True,0,55,True,,,,,
3,1,L2-524,2,auto_grid,P5_near_top_down,,no_hit,,,False,,,True,,,,,
3,1,L2-525,2,auto_grid,P5_near_top_down,,no_hit,,,False,,,True,,,,,
3,1,L2-526,2,auto_grid,P5_near_top_down,,no_hit,,,False,,,True,,,,,
3,1,L2-527,2,auto_grid,P5_near_top_down,,no_hit,,,False,,,True,,,,,
3,1,L2-528,2,auto_grid,P5_near_top_down,,no_hit,,,False,,,True,,,,,
3,1,L2-529,2,auto_grid,P5_near_top_down,,resolved,55,55,True,0,55,True,,,,,
3,1,L2-530,2,auto_grid,P5_near_top_down,,no_hit,,,False,,,True,,,,,
3,1,L2-531,2,auto_grid,P5_near_top_down,,no_hit,,,False,,,True,,,,,
3,1,L2-532,2,auto_grid,P5_near_top_down,,no_hit,,,False,,,True,,,,,
3,1,L2-533,2,auto_grid,P5_near_top_down,,no_hit,,,False,,,True,,,,,
3,1,L2-534,2,auto_grid,P5_near_top_down,,no_hit,,,False,,,True,,,,,
3,1,L2-535,2,auto_grid,P5_near_top_down,,no_hit,,,False,,,True,,,,,
3,1,L2-536,2,auto_grid,P5_near_top_down,,no_hit,,,False,,,True,,,,,
3,1,L2-537,2,auto_grid,P5_near_top_down,,no_hit,,,False,,,True,,,,,
3,1,L2-538,2,auto_grid,P5_near_top_down,,no_hit,,,False,,,True,,,,,
3,1,L2-539,2,auto_grid,P5_near_top_down,,no_hit,,,False,,,True,,,,,
3,1,L2-540,2,auto_grid,P5_near_top_down,,no_hit,,,False,,,True,,,,,
3,1,L2-541,2,auto_grid,P5_near_top_down,,no_hit,,,False,,,True,,,,,
3,1,L2-542,2,auto_grid,P5_near_top_down,,no_hit,,,False,,,True,,,,,
3,1,L2-543,2,auto_grid,P5_near_top_down,,no_hit,,,False,,,True,,,,,
3,1,L2-544,2,auto_grid,P5_near_top_down,,no_hit,,,False,,,True,,,,,
3,1,L2-545,2,auto_grid,P5_near_top_down,,no_hit,,,False,,,True,,,,,
3,1,L2-546,2,auto_grid,P5_near_top_down,,no_hit,,,False,,,True,,,,,
3,1,L2-547,2,auto_grid,P5_near_top_down,,no_hit,,,False,,,True,,,,,
3,1,L2-548,2,auto_grid,P5_near_top_down,,no_hit,,,False,,,True,,,,,
3,1,L2-549,2,auto_grid,P5_near_top_down,,no_hit,,,False,,,True,,,,,
4,1,L3-1,3,auto_target,P0_fit,,resolved,69,69,True,0,69,True,T00,25,False,,
4,1,L3-2,3,auto_target,P0_fit,,resolved,25,27,True,2,25,True,T01,27,False,,
4,1,L3-3,3,auto_target,P0_fit,,resolved,29,29,True,0,29,True,T02,29,True,0,
4,1,L3-4,3,auto_target,P0_fit,,resolved,60,60,True,0,60,True,T03,31,False,,
4,1,L3-5,3,auto_target,P0_fit,,resolved,51,51,True,0,51,True,T04,23,False,,
4,1,L3-6,3,auto_target,P0_fit,,resolved,53,53,True,0,53,True,T05,27,False,,
4,1,L3-7,3,auto_target,P0_fit,,resolved,59,59,True,0,59,True,T06,34,False,,
4,1,L3-8,3,auto_target,P0_fit,,resolved,64,64,True,0,64,True,T07,36,False,,
4,1,L3-9,3,auto_target,P0_fit,,resolved,67,66,True,1,67,True,T08,38,False,,
4,1,L3-10,3,auto_target,P0_fit,,resolved,49,51,True,2,49,True,T09,40,False,,
4,1,L3-11,3,auto_target,P0_fit,,resolved,36,35,True,1,36,True,T10,35,True,1,
4,1,L3-12,3,auto_target,P0_fit,,resolved,45,46,True,1,45,True,T11,39,False,,
4,1,L3-13,3,auto_target,P0_fit,,resolved,59,59,True,0,59,True,T12,43,False,,
4,1,L3-14,3,auto_target,P0_fit,,no_hit,,47,False,,,True,T13,45,,,
4,1,L3-15,3,auto_target,P0_fit,,resolved,45,47,True,2,45,True,T14,47,False,,
4,1,L3-16,3,auto_target,P0_fit,,resolved,48,49,True,1,48,True,T15,49,False,,
4,1,L3-17,3,auto_target,P0_fit,,no_hit,,46,False,,,True,T16,45,,,
4,1,L3-18,3,auto_target,P0_fit,,resolved,70,70,True,0,70,True,T17,49,False,,
4,1,L3-19,3,auto_target,P0_fit,,no_hit,,54,False,,,True,T18,52,,,
4,1,L3-20,3,auto_target,P0_fit,,no_hit,,54,False,,,True,T19,54,,,
4,1,L3-21,3,auto_target,P0_fit,,no_hit,,56,False,,,True,T20,56,,,
4,1,L3-22,3,auto_target,P0_fit,,resolved,69,69,True,0,69,True,T21,58,False,,
4,1,L3-23,3,auto_target,P0_fit,,resolved,65,54,True,11,65,True,T22,54,False,,
4,1,L3-24,3,auto_target,P0_fit,,resolved,59,58,True,1,59,True,T23,58,True,1,
4,1,L3-25,3,auto_target,P0_fit,,resolved,68,69,True,1,68,True,T24,62,False,,
4,1,L3-26,3,auto_target,P0_fit,,resolved,70,70,True,0,70,True,T25,64,False,,
4,1,L3-27,3,auto_target,P0_fit,,resolved,71,71,True,0,71,True,T26,65,False,,
4,1,L3-28,3,auto_target,P0_fit,,resolved,67,67,True,0,67,True,T27,67,True,0,
4,1,L3-29,3,auto_target,P0_fit,,resolved,69,69,True,0,69,True,T28,63,False,,
4,1,L3-30,3,auto_target,P0_fit,,resolved,71,71,True,0,71,True,T29,66,False,,
4,1,L3-31,3,auto_target,P0_fit,,resolved,70,70,True,0,70,True,T30,70,True,0,
4,1,L3-32,3,auto_target,P0_fit,,resolved,74,74,True,0,74,True,T31,72,False,,
4,1,L3-33,3,auto_target,P0_fit,,resolved,76,76,True,0,76,True,T32,74,False,,
4,1,L3-34,3,auto_target,P0_fit,,no_hit,,76,False,,,True,T33,76,,,
4,1,L3-35,3,auto_target,P0_fit,,resolved,70,70,True,0,70,True,T34,70,True,0,
4,1,L3-36,3,auto_target,P0_fit,,resolved,75,74,True,1,75,True,T35,74,True,1,
4,1,L3-37,3,auto_grid,P0_fit,,no_hit,,,False,,,True,,,,,
4,1,L3-38,3,auto_grid,P0_fit,,no_hit,,,False,,,True,,,,,
4,1,L3-39,3,auto_grid,P0_fit,,no_hit,,,False,,,True,,,,,
4,1,L3-40,3,auto_grid,P0_fit,,no_hit,,,False,,,True,,,,,
4,1,L3-41,3,auto_grid,P0_fit,,no_hit,,,False,,,True,,,,,
4,1,L3-42,3,auto_grid,P0_fit,,no_hit,,,False,,,True,,,,,
4,1,L3-43,3,auto_grid,P0_fit,,no_hit,,,False,,,True,,,,,
4,1,L3-44,3,auto_grid,P0_fit,,no_hit,,,False,,,True,,,,,
4,1,L3-45,3,auto_grid,P0_fit,,no_hit,,,False,,,True,,,,,
4,1,L3-46,3,auto_grid,P0_fit,,no_hit,,,False,,,True,,,,,
4,1,L3-47,3,auto_grid,P0_fit,,no_hit,,,False,,,True,,,,,
4,1,L3-48,3,auto_grid,P0_fit,,no_hit,,,False,,,True,,,,,
4,1,L3-49,3,auto_grid,P0_fit,,no_hit,,,False,,,True,,,,,
4,1,L3-50,3,auto_grid,P0_fit,,no_hit,,,False,,,True,,,,,
4,1,L3-51,3,auto_grid,P0_fit,,no_hit,,,False,,,True,,,,,
4,1,L3-52,3,auto_grid,P0_fit,,no_hit,,,False,,,True,,,,,
4,1,L3-53,3,auto_grid,P0_fit,,no_hit,,,False,,,True,,,,,
4,1,L3-54,3,auto_grid,P0_fit,,no_hit,,,False,,,True,,,,,
4,1,L3-55,3,auto_grid,P0_fit,,resolved,49,50,True,1,49,True,,,,,
4,1,L3-56,3,auto_grid,P0_fit,,no_hit,,,False,,,True,,,,,
4,1,L3-57,3,auto_grid,P0_fit,,no_hit,,,False,,,True,,,,,
4,1,L3-58,3,auto_grid,P0_fit,,no_hit,,,False,,,True,,,,,
4,1,L3-59,3,auto_grid,P0_fit,,no_hit,,,False,,,True,,,,,
4,1,L3-60,3,auto_grid,P0_fit,,no_hit,,,False,,,True,,,,,
4,1,L3-61,3,auto_grid,P0_fit,,no_hit,,,False,,,True,,,,,
4,1,L3-62,3,auto_grid,P0_fit,,resolved,55,54,True,1,55,True,,,,,
4,1,L3-63,3,auto_grid,P0_fit,,resolved,59,59,True,0,59,True,,,,,
4,1,L3-64,3,auto_grid,P0_fit,,resolved,64,64,True,0,64,True,,,,,
4,1,L3-65,3,auto_grid,P0_fit,,resolved,59,59,True,0,59,True,,,,,
4,1,L3-66,3,auto_grid,P0_fit,,no_hit,,,False,,,True,,,,,
4,1,L3-67,3,auto_grid,P0_fit,,no_hit,,,False,,,True,,,,,
4,1,L3-68,3,auto_grid,P0_fit,,resolved,60,62,True,2,60,True,,,,,
4,1,L3-69,3,auto_grid,P0_fit,,resolved,62,61,True,1,62,True,,,,,
4,1,L3-70,3,auto_grid,P0_fit,,resolved,63,63,True,0,63,True,,,,,
4,1,L3-71,3,auto_grid,P0_fit,,resolved,63,61,True,2,63,True,,,,,
4,1,L3-72,3,auto_grid,P0_fit,,resolved,78,78,True,0,78,True,,,,,
4,1,L3-73,3,auto_grid,P0_fit,,no_hit,,,False,,,True,,,,,
4,1,L3-74,3,auto_grid,P0_fit,,no_hit,,,False,,,True,,,,,
4,1,L3-75,3,auto_grid,P0_fit,,resolved,48,48,True,0,48,True,,,,,
4,1,L3-76,3,auto_grid,P0_fit,,resolved,45,45,True,0,45,True,,,,,
4,1,L3-77,3,auto_grid,P0_fit,,no_hit,,69,False,,,True,,,,,
4,1,L3-78,3,auto_grid,P0_fit,,no_hit,,,False,,,True,,,,,
4,1,L3-79,3,auto_grid,P0_fit,,no_hit,,,False,,,True,,,,,
4,1,L3-80,3,auto_grid,P0_fit,,no_hit,,,False,,,True,,,,,
4,1,L3-81,3,auto_grid,P0_fit,,no_hit,,,False,,,True,,,,,
4,1,L3-82,3,auto_grid,P0_fit,,no_hit,,,False,,,True,,,,,
4,1,L3-83,3,auto_grid,P0_fit,,no_hit,,,False,,,True,,,,,
4,1,L3-84,3,auto_grid,P0_fit,,no_hit,,,False,,,True,,,,,
4,1,L3-85,3,auto_grid,P0_fit,,no_hit,,,False,,,True,,,,,
4,1,L3-86,3,auto_grid,P0_fit,,no_hit,,,False,,,True,,,,,
4,1,L3-87,3,auto_grid,P0_fit,,no_hit,,,False,,,True,,,,,
4,1,L3-88,3,auto_grid,P0_fit,,no_hit,,,False,,,True,,,,,
4,1,L3-89,3,auto_grid,P0_fit,,no_hit,,,False,,,True,,,,,
4,1,L3-90,3,auto_grid,P0_fit,,no_hit,,,False,,,True,,,,,
4,1,L3-91,3,auto_grid,P0_fit,,no_hit,,,False,,,True,,,,,
4,1,L3-92,3,auto_grid,P0_fit,,no_hit,,,False,,,True,,,,,
4,1,L3-93,3,auto_grid,P0_fit,,no_hit,,,False,,,True,,,,,
4,1,L3-94,3,auto_grid,P0_fit,,no_hit,,,False,,,True,,,,,
4,1,L3-95,3,auto_grid,P0_fit,,no_hit,,,False,,,True,,,,,
4,1,L3-96,3,auto_grid,P0_fit,,no_hit,,,False,,,True,,,,,
4,1,L3-97,3,auto_target,P1_zoom_in,,resolved,66,66,True,0,66,True,T01,27,False,,
4,1,L3-98,3,auto_target,P1_zoom_in,,resolved,65,65,True,0,65,True,T02,29,False,,
4,1,L3-99,3,auto_target,P1_zoom_in,,resolved,61,61,True,0,61,True,T05,27,False,,
4,1,L3-100,3,auto_target,P1_zoom_in,,no_hit,,36,False,,,True,T07,36,,,
4,1,L3-101,3,auto_target,P1_zoom_in,,resolved,48,49,True,1,48,True,T08,38,False,,
4,1,L3-102,3,auto_target,P1_zoom_in,,resolved,68,68,True,0,68,True,T09,40,False,,
4,1,L3-103,3,auto_target,P1_zoom_in,,resolved,68,67,True,1,68,True,T10,35,False,,
4,1,L3-104,3,auto_target,P1_zoom_in,,resolved,66,66,True,0,66,True,T11,39,False,,
4,1,L3-105,3,auto_target,P1_zoom_in,,resolved,43,48,True,5,43,True,T12,43,True,0,
4,1,L3-106,3,auto_target,P1_zoom_in,,resolved,47,47,True,0,47,True,T13,45,False,,
4,1,L3-107,3,auto_target,P1_zoom_in,,resolved,68,68,True,0,68,True,T14,47,False,,
4,1,L3-108,3,auto_target,P1_zoom_in,,resolved,51,52,True,1,51,True,T15,49,False,,
4,1,L3-109,3,auto_target,P1_zoom_in,,resolved,63,62,True,1,63,True,T16,45,False,,
4,1,L3-110,3,auto_target,P1_zoom_in,,resolved,52,52,True,0,52,True,T18,52,True,0,
4,1,L3-111,3,auto_target,P1_zoom_in,,resolved,54,54,True,0,54,True,T19,54,True,0,
4,1,L3-112,3,auto_target,P1_zoom_in,,resolved,55,56,True,1,55,True,T20,56,False,,
4,1,L3-113,3,auto_target,P1_zoom_in,,resolved,67,67,True,0,67,True,T21,58,False,,
4,1,L3-114,3,auto_target,P1_zoom_in,,resolved,62,64,True,2,62,True,T23,58,False,,
4,1,L3-115,3,auto_target,P1_zoom_in,,no_hit,,63,False,,,True,T24,62,,,
4,1,L3-116,3,auto_target,P1_zoom_in,,resolved,75,75,True,0,75,True,T25,64,False,,
4,1,L3-117,3,auto_target,P1_zoom_in,,resolved,57,65,True,8,57,True,T26,65,False,,
4,1,L3-118,3,auto_target,P1_zoom_in,,resolved,67,67,True,0,67,True,T27,67,True,0,
4,1,L3-119,3,auto_target,P1_zoom_in,,resolved,69,69,True,0,69,True,T28,63,False,,
4,1,L3-120,3,auto_target,P1_zoom_in,,resolved,66,67,True,1,66,True,T29,66,True,0,
4,1,L3-121,3,auto_target,P1_zoom_in,,resolved,70,70,True,0,70,True,T30,70,True,0,
4,1,L3-122,3,auto_grid,P1_zoom_in,,no_hit,,,False,,,True,,,,,
4,1,L3-123,3,auto_grid,P1_zoom_in,,no_hit,,,False,,,True,,,,,
4,1,L3-124,3,auto_grid,P1_zoom_in,,no_hit,,,False,,,True,,,,,
4,1,L3-125,3,auto_grid,P1_zoom_in,,no_hit,,,False,,,True,,,,,
4,1,L3-126,3,auto_grid,P1_zoom_in,,no_hit,,,False,,,True,,,,,
4,1,L3-127,3,auto_grid,P1_zoom_in,,no_hit,,,False,,,True,,,,,
4,1,L3-128,3,auto_grid,P1_zoom_in,,no_hit,,,False,,,True,,,,,
4,1,L3-129,3,auto_grid,P1_zoom_in,,no_hit,,,False,,,True,,,,,
4,1,L3-130,3,auto_grid,P1_zoom_in,,no_hit,,,False,,,True,,,,,
4,1,L3-131,3,auto_grid,P1_zoom_in,,no_hit,,,False,,,True,,,,,
4,1,L3-132,3,auto_grid,P1_zoom_in,,no_hit,,,False,,,True,,,,,
4,1,L3-133,3,auto_grid,P1_zoom_in,,no_hit,,,False,,,True,,,,,
4,1,L3-134,3,auto_grid,P1_zoom_in,,no_hit,,,False,,,True,,,,,
4,1,L3-135,3,auto_grid,P1_zoom_in,,resolved,50,51,True,1,50,True,,,,,
4,1,L3-136,3,auto_grid,P1_zoom_in,,no_hit,,,False,,,True,,,,,
4,1,L3-137,3,auto_grid,P1_zoom_in,,no_hit,,,False,,,True,,,,,
4,1,L3-138,3,auto_grid,P1_zoom_in,,no_hit,,,False,,,True,,,,,
4,1,L3-139,3,auto_grid,P1_zoom_in,,no_hit,,,False,,,True,,,,,
4,1,L3-140,3,auto_grid,P1_zoom_in,,no_hit,,,False,,,True,,,,,
4,1,L3-141,3,auto_grid,P1_zoom_in,,no_hit,,,False,,,True,,,,,
4,1,L3-142,3,auto_grid,P1_zoom_in,,resolved,45,45,True,0,45,True,,,,,
4,1,L3-143,3,auto_grid,P1_zoom_in,,no_hit,,,False,,,True,,,,,
4,1,L3-144,3,auto_grid,P1_zoom_in,,no_hit,,,False,,,True,,,,,
4,1,L3-145,3,auto_grid,P1_zoom_in,,no_hit,,,False,,,True,,,,,
4,1,L3-146,3,auto_grid,P1_zoom_in,,resolved,70,70,True,0,70,True,,,,,
4,1,L3-147,3,auto_grid,P1_zoom_in,,resolved,62,62,True,0,62,True,,,,,
4,1,L3-148,3,auto_grid,P1_zoom_in,,resolved,57,57,True,0,57,True,,,,,
4,1,L3-149,3,auto_grid,P1_zoom_in,,resolved,54,54,True,0,54,True,,,,,
4,1,L3-150,3,auto_grid,P1_zoom_in,,resolved,51,51,True,0,51,True,,,,,
4,1,L3-151,3,auto_grid,P1_zoom_in,,no_hit,,,False,,,True,,,,,
4,1,L3-152,3,auto_grid,P1_zoom_in,,no_hit,,,False,,,True,,,,,
4,1,L3-153,3,auto_grid,P1_zoom_in,,no_hit,,,False,,,True,,,,,
4,1,L3-154,3,auto_grid,P1_zoom_in,,resolved,62,62,True,0,62,True,,,,,
4,1,L3-155,3,auto_grid,P1_zoom_in,,resolved,63,63,True,0,63,True,,,,,
4,1,L3-156,3,auto_grid,P1_zoom_in,,resolved,60,60,True,0,60,True,,,,,
4,1,L3-157,3,auto_grid,P1_zoom_in,,resolved,60,59,True,1,60,True,,,,,
4,1,L3-158,3,auto_grid,P1_zoom_in,,no_hit,,,False,,,True,,,,,
4,1,L3-159,3,auto_grid,P1_zoom_in,,no_hit,,,False,,,True,,,,,
4,1,L3-160,3,auto_grid,P1_zoom_in,,no_hit,,,False,,,True,,,,,
4,1,L3-161,3,auto_grid,P1_zoom_in,,resolved,68,68,True,0,68,True,,,,,
4,1,L3-162,3,auto_grid,P1_zoom_in,,resolved,64,65,True,1,64,True,,,,,
4,1,L3-163,3,auto_grid,P1_zoom_in,,resolved,60,60,True,0,60,True,,,,,
4,1,L3-164,3,auto_grid,P1_zoom_in,,no_hit,,,False,,,True,,,,,
4,1,L3-165,3,auto_grid,P1_zoom_in,,no_hit,,,False,,,True,,,,,
4,1,L3-166,3,auto_grid,P1_zoom_in,,no_hit,,,False,,,True,,,,,
4,1,L3-167,3,auto_grid,P1_zoom_in,,resolved,62,62,True,0,62,True,,,,,
4,1,L3-168,3,auto_grid,P1_zoom_in,,resolved,69,69,True,0,69,True,,,,,
4,1,L3-169,3,auto_grid,P1_zoom_in,,resolved,55,55,True,0,55,True,,,,,
4,1,L3-170,3,auto_grid,P1_zoom_in,,no_hit,,,False,,,True,,,,,
4,1,L3-171,3,auto_grid,P1_zoom_in,,no_hit,,,False,,,True,,,,,
4,1,L3-172,3,auto_grid,P1_zoom_in,,no_hit,,,False,,,True,,,,,
4,1,L3-173,3,auto_grid,P1_zoom_in,,resolved,68,68,True,0,68,True,,,,,
4,1,L3-174,3,auto_grid,P1_zoom_in,,resolved,72,72,True,0,72,True,,,,,
4,1,L3-175,3,auto_grid,P1_zoom_in,,resolved,68,69,True,1,68,True,,,,,
4,1,L3-176,3,auto_grid,P1_zoom_in,,no_hit,,,False,,,True,,,,,
4,1,L3-177,3,auto_grid,P1_zoom_in,,no_hit,,,False,,,True,,,,,
4,1,L3-178,3,auto_grid,P1_zoom_in,,no_hit,,,False,,,True,,,,,
4,1,L3-179,3,auto_grid,P1_zoom_in,,no_hit,,,False,,,True,,,,,
4,1,L3-180,3,auto_grid,P1_zoom_in,,resolved,74,73,True,1,74,True,,,,,
4,1,L3-181,3,auto_grid,P1_zoom_in,,resolved,72,72,True,0,72,True,,,,,
4,1,L3-182,3,auto_target,P2_zoom_out_high,,resolved,25,25,True,0,25,True,T00,25,True,0,
4,1,L3-183,3,auto_target,P2_zoom_out_high,,resolved,27,27,True,0,27,True,T01,27,False,,
4,1,L3-184,3,auto_target,P2_zoom_out_high,,resolved,29,29,True,0,29,True,T02,29,True,0,
4,1,L3-185,3,auto_target,P2_zoom_out_high,,resolved,25,25,True,0,25,True,T03,31,False,,
4,1,L3-186,3,auto_target,P2_zoom_out_high,,resolved,23,23,True,0,23,True,T04,23,True,0,
4,1,L3-187,3,auto_target,P2_zoom_out_high,,resolved,27,27,True,0,27,True,T05,27,False,,
4,1,L3-188,3,auto_target,P2_zoom_out_high,,resolved,27,27,True,0,27,True,T06,34,False,,
4,1,L3-189,3,auto_target,P2_zoom_out_high,,resolved,23,23,True,0,23,True,T07,36,False,,
4,1,L3-190,3,auto_target,P2_zoom_out_high,,resolved,33,33,True,0,33,True,T08,38,False,,
4,1,L3-191,3,auto_target,P2_zoom_out_high,,resolved,40,40,True,0,40,True,T09,40,True,0,
4,1,L3-192,3,auto_target,P2_zoom_out_high,,resolved,35,35,True,0,35,True,T10,35,False,,
4,1,L3-193,3,auto_target,P2_zoom_out_high,,resolved,39,39,True,0,39,True,T11,39,True,0,
4,1,L3-194,3,auto_target,P2_zoom_out_high,,resolved,24,24,True,0,24,True,T12,43,False,,
4,1,L3-195,3,auto_target,P2_zoom_out_high,,resolved,42,42,True,0,42,True,T13,45,False,,
4,1,L3-196,3,auto_target,P2_zoom_out_high,,resolved,47,47,True,0,47,True,T14,47,True,0,
4,1,L3-197,3,auto_target,P2_zoom_out_high,,no_hit,,49,False,,,True,T15,49,,,
4,1,L3-198,3,auto_target,P2_zoom_out_high,,resolved,45,45,True,0,45,True,T16,45,False,,
4,1,L3-199,3,auto_target,P2_zoom_out_high,,resolved,38,38,True,0,38,True,T17,49,False,,
4,1,L3-200,3,auto_target,P2_zoom_out_high,,resolved,31,31,True,0,31,True,T18,52,False,,
4,1,L3-201,3,auto_target,P2_zoom_out_high,,resolved,38,37,True,1,38,True,T19,54,False,,
4,1,L3-202,3,auto_target,P2_zoom_out_high,,resolved,32,32,True,0,32,True,T20,56,False,,
4,1,L3-203,3,auto_target,P2_zoom_out_high,,resolved,48,48,True,0,48,True,T21,58,False,,
4,1,L3-204,3,auto_target,P2_zoom_out_high,,resolved,48,48,True,0,48,True,T22,54,False,,
4,1,L3-205,3,auto_target,P2_zoom_out_high,,resolved,60,58,True,2,60,True,T23,58,False,,
4,1,L3-206,3,auto_target,P2_zoom_out_high,,resolved,57,58,True,1,57,True,T24,62,False,,
4,1,L3-207,3,auto_target,P2_zoom_out_high,,resolved,64,64,True,0,64,True,T25,64,True,0,
4,1,L3-208,3,auto_target,P2_zoom_out_high,,no_hit,,51,False,,,True,T26,65,,,
4,1,L3-209,3,auto_target,P2_zoom_out_high,,resolved,45,45,True,0,45,True,T27,67,False,,
4,1,L3-210,3,auto_target,P2_zoom_out_high,,resolved,45,45,True,0,45,True,T28,63,False,,
4,1,L3-211,3,auto_target,P2_zoom_out_high,,resolved,65,66,True,1,65,True,T29,66,True,1,
4,1,L3-212,3,auto_target,P2_zoom_out_high,,resolved,66,66,True,0,66,True,T30,70,False,,
4,1,L3-213,3,auto_target,P2_zoom_out_high,,resolved,72,72,True,0,72,True,T31,72,True,0,
4,1,L3-214,3,auto_target,P2_zoom_out_high,,resolved,74,74,True,0,74,True,T32,74,True,0,
4,1,L3-215,3,auto_target,P2_zoom_out_high,,resolved,76,76,True,0,76,True,T33,76,True,0,
4,1,L3-216,3,auto_target,P2_zoom_out_high,,resolved,68,68,True,0,68,True,T34,70,False,,
4,1,L3-217,3,auto_target,P2_zoom_out_high,,resolved,70,70,True,0,70,True,T35,74,False,,
4,1,L3-218,3,auto_grid,P2_zoom_out_high,,no_hit,,,False,,,True,,,,,
4,1,L3-219,3,auto_grid,P2_zoom_out_high,,no_hit,,,False,,,True,,,,,
4,1,L3-220,3,auto_grid,P2_zoom_out_high,,no_hit,,,False,,,True,,,,,
4,1,L3-221,3,auto_grid,P2_zoom_out_high,,no_hit,,,False,,,True,,,,,
4,1,L3-222,3,auto_grid,P2_zoom_out_high,,no_hit,,,False,,,True,,,,,
4,1,L3-223,3,auto_grid,P2_zoom_out_high,,no_hit,,,False,,,True,,,,,
4,1,L3-224,3,auto_grid,P2_zoom_out_high,,no_hit,,,False,,,True,,,,,
4,1,L3-225,3,auto_grid,P2_zoom_out_high,,no_hit,,,False,,,True,,,,,
4,1,L3-226,3,auto_grid,P2_zoom_out_high,,no_hit,,,False,,,True,,,,,
4,1,L3-227,3,auto_grid,P2_zoom_out_high,,no_hit,,,False,,,True,,,,,
4,1,L3-228,3,auto_grid,P2_zoom_out_high,,no_hit,,,False,,,True,,,,,
4,1,L3-229,3,auto_grid,P2_zoom_out_high,,no_hit,,,False,,,True,,,,,
4,1,L3-230,3,auto_grid,P2_zoom_out_high,,no_hit,,,False,,,True,,,,,
4,1,L3-231,3,auto_grid,P2_zoom_out_high,,no_hit,,,False,,,True,,,,,
4,1,L3-232,3,auto_grid,P2_zoom_out_high,,no_hit,,,False,,,True,,,,,
4,1,L3-233,3,auto_grid,P2_zoom_out_high,,no_hit,,,False,,,True,,,,,
4,1,L3-234,3,auto_grid,P2_zoom_out_high,,no_hit,,,False,,,True,,,,,
4,1,L3-235,3,auto_grid,P2_zoom_out_high,,no_hit,,,False,,,True,,,,,
4,1,L3-236,3,auto_grid,P2_zoom_out_high,,no_hit,,,False,,,True,,,,,
4,1,L3-237,3,auto_grid,P2_zoom_out_high,,no_hit,,,False,,,True,,,,,
4,1,L3-238,3,auto_grid,P2_zoom_out_high,,resolved,23,23,True,0,23,True,,,,,
4,1,L3-239,3,auto_grid,P2_zoom_out_high,,no_hit,,,False,,,True,,,,,
4,1,L3-240,3,auto_grid,P2_zoom_out_high,,no_hit,,,False,,,True,,,,,
4,1,L3-241,3,auto_grid,P2_zoom_out_high,,no_hit,,,False,,,True,,,,,
4,1,L3-242,3,auto_grid,P2_zoom_out_high,,no_hit,,,False,,,True,,,,,
4,1,L3-243,3,auto_grid,P2_zoom_out_high,,resolved,71,71,True,0,71,True,,,,,
4,1,L3-244,3,auto_grid,P2_zoom_out_high,,resolved,35,35,True,0,35,True,,,,,
4,1,L3-245,3,auto_grid,P2_zoom_out_high,,no_hit,,,False,,,True,,,,,
4,1,L3-246,3,auto_grid,P2_zoom_out_high,,no_hit,,,False,,,True,,,,,
4,1,L3-247,3,auto_grid,P2_zoom_out_high,,no_hit,,,False,,,True,,,,,
4,1,L3-248,3,auto_grid,P2_zoom_out_high,,no_hit,,,False,,,True,,,,,
4,1,L3-249,3,auto_grid,P2_zoom_out_high,,no_hit,,,False,,,True,,,,,
4,1,L3-250,3,auto_grid,P2_zoom_out_high,,no_hit,,,False,,,True,,,,,
4,1,L3-251,3,auto_grid,P2_zoom_out_high,,resolved,37,37,True,0,37,True,,,,,
4,1,L3-252,3,auto_grid,P2_zoom_out_high,,no_hit,,,False,,,True,,,,,
4,1,L3-253,3,auto_grid,P2_zoom_out_high,,no_hit,,,False,,,True,,,,,
4,1,L3-254,3,auto_grid,P2_zoom_out_high,,no_hit,,,False,,,True,,,,,
4,1,L3-255,3,auto_grid,P2_zoom_out_high,,no_hit,,,False,,,True,,,,,
4,1,L3-256,3,auto_grid,P2_zoom_out_high,,no_hit,,,False,,,True,,,,,
4,1,L3-257,3,auto_grid,P2_zoom_out_high,,no_hit,,,False,,,True,,,,,
4,1,L3-258,3,auto_grid,P2_zoom_out_high,,no_hit,,,False,,,True,,,,,
4,1,L3-259,3,auto_grid,P2_zoom_out_high,,no_hit,,,False,,,True,,,,,
4,1,L3-260,3,auto_grid,P2_zoom_out_high,,no_hit,,,False,,,True,,,,,
4,1,L3-261,3,auto_grid,P2_zoom_out_high,,no_hit,,,False,,,True,,,,,
4,1,L3-262,3,auto_grid,P2_zoom_out_high,,no_hit,,,False,,,True,,,,,
4,1,L3-263,3,auto_grid,P2_zoom_out_high,,no_hit,,,False,,,True,,,,,
4,1,L3-264,3,auto_grid,P2_zoom_out_high,,no_hit,,,False,,,True,,,,,
4,1,L3-265,3,auto_grid,P2_zoom_out_high,,no_hit,,,False,,,True,,,,,
4,1,L3-266,3,auto_grid,P2_zoom_out_high,,no_hit,,,False,,,True,,,,,
4,1,L3-267,3,auto_grid,P2_zoom_out_high,,no_hit,,,False,,,True,,,,,
4,1,L3-268,3,auto_grid,P2_zoom_out_high,,no_hit,,,False,,,True,,,,,
4,1,L3-269,3,auto_grid,P2_zoom_out_high,,no_hit,,,False,,,True,,,,,
4,1,L3-270,3,auto_grid,P2_zoom_out_high,,no_hit,,,False,,,True,,,,,
4,1,L3-271,3,auto_grid,P2_zoom_out_high,,no_hit,,,False,,,True,,,,,
4,1,L3-272,3,auto_grid,P2_zoom_out_high,,no_hit,,,False,,,True,,,,,
4,1,L3-273,3,auto_grid,P2_zoom_out_high,,no_hit,,,False,,,True,,,,,
4,1,L3-274,3,auto_grid,P2_zoom_out_high,,no_hit,,,False,,,True,,,,,
4,1,L3-275,3,auto_grid,P2_zoom_out_high,,no_hit,,,False,,,True,,,,,
4,1,L3-276,3,auto_grid,P2_zoom_out_high,,no_hit,,,False,,,True,,,,,
4,1,L3-277,3,auto_grid,P2_zoom_out_high,,no_hit,,,False,,,True,,,,,
4,1,L3-278,3,auto_target,P3_from_below,,resolved,25,25,True,0,25,True,T00,25,False,,
4,1,L3-279,3,auto_target,P3_from_below,,resolved,26,26,True,0,26,True,T01,27,False,,
4,1,L3-280,3,auto_target,P3_from_below,,resolved,28,28,True,0,28,True,T02,29,False,,
4,1,L3-281,3,auto_target,P3_from_below,,resolved,31,31,True,0,31,True,T03,31,True,0,
4,1,L3-282,3,auto_target,P3_from_below,,resolved,23,23,True,0,23,True,T04,23,True,0,
4,1,L3-283,3,auto_target,P3_from_below,,no_hit,,27,False,,,True,T05,27,,,
4,1,L3-284,3,auto_target,P3_from_below,,resolved,34,34,True,0,34,True,T06,34,True,0,
4,1,L3-285,3,auto_target,P3_from_below,,resolved,36,36,True,0,36,True,T07,36,True,0,
4,1,L3-286,3,auto_target,P3_from_below,,resolved,38,38,True,0,38,True,T08,38,True,0,
4,1,L3-287,3,auto_target,P3_from_below,,resolved,36,36,True,0,36,True,T09,40,False,,
4,1,L3-288,3,auto_target,P3_from_below,,resolved,32,32,True,0,32,True,T10,35,False,,
4,1,L3-289,3,auto_target,P3_from_below,,resolved,36,36,True,0,36,True,T11,39,False,,
4,1,L3-290,3,auto_target,P3_from_below,,resolved,43,43,True,0,43,True,T12,43,True,0,
4,1,L3-291,3,auto_target,P3_from_below,,resolved,45,45,True,0,45,True,T13,45,True,0,
4,1,L3-292,3,auto_target,P3_from_below,,resolved,41,41,True,0,41,True,T14,47,False,,
4,1,L3-293,3,auto_target,P3_from_below,,resolved,47,47,True,0,47,True,T15,49,False,,
4,1,L3-294,3,auto_target,P3_from_below,,resolved,41,41,True,0,41,True,T16,45,False,,
4,1,L3-295,3,auto_target,P3_from_below,,resolved,50,49,True,1,50,True,T17,49,False,,
4,1,L3-296,3,auto_target,P3_from_below,,resolved,52,52,True,0,52,True,T18,52,True,0,
4,1,L3-297,3,auto_target,P3_from_below,,resolved,54,54,True,0,54,True,T19,54,True,0,
4,1,L3-298,3,auto_target,P3_from_below,,resolved,56,56,True,0,56,True,T20,56,True,0,
4,1,L3-299,3,auto_target,P3_from_below,,resolved,52,52,True,0,52,True,T21,58,False,,
4,1,L3-300,3,auto_target,P3_from_below,,resolved,50,50,True,0,50,True,T22,54,False,,
4,1,L3-301,3,auto_target,P3_from_below,,resolved,52,52,True,0,52,True,T23,58,False,,
4,1,L3-302,3,auto_target,P3_from_below,,resolved,62,62,True,0,62,True,T24,62,False,,
4,1,L3-303,3,auto_target,P3_from_below,,resolved,54,54,True,0,54,True,T25,64,False,,
4,1,L3-304,3,auto_target,P3_from_below,,resolved,65,65,True,0,65,True,T26,65,True,0,
4,1,L3-305,3,auto_target,P3_from_below,,resolved,67,67,True,0,67,True,T27,67,True,0,
4,1,L3-306,3,auto_target,P3_from_below,,resolved,58,58,True,0,58,True,T28,63,False,,
4,1,L3-307,3,auto_target,P3_from_below,,resolved,65,60,True,5,65,True,T29,66,True,1,
4,1,L3-308,3,auto_target,P3_from_below,,resolved,60,60,True,0,60,True,T30,70,False,,
4,1,L3-309,3,auto_target,P3_from_below,,resolved,64,64,True,0,64,True,T31,72,False,,
4,1,L3-310,3,auto_target,P3_from_below,,resolved,66,66,True,0,66,True,T32,74,False,,
4,1,L3-311,3,auto_target,P3_from_below,,resolved,68,68,True,0,68,True,T33,76,False,,
4,1,L3-312,3,auto_target,P3_from_below,,resolved,60,60,True,0,60,True,T34,70,False,,
4,1,L3-313,3,auto_target,P3_from_below,,resolved,74,74,True,0,74,True,T35,74,True,0,
4,1,L3-314,3,auto_grid,P3_from_below,,no_hit,,,False,,,True,,,,,
4,1,L3-315,3,auto_grid,P3_from_below,,resolved,76,75,True,1,76,True,,,,,
4,1,L3-316,3,auto_grid,P3_from_below,,no_hit,,,False,,,True,,,,,
4,1,L3-317,3,auto_grid,P3_from_below,,no_hit,,,False,,,True,,,,,
4,1,L3-318,3,auto_grid,P3_from_below,,no_hit,,,False,,,True,,,,,
4,1,L3-319,3,auto_grid,P3_from_below,,no_hit,,,False,,,True,,,,,
4,1,L3-320,3,auto_grid,P3_from_below,,no_hit,,,False,,,True,,,,,
4,1,L3-321,3,auto_grid,P3_from_below,,resolved,56,56,True,0,56,True,,,,,
4,1,L3-322,3,auto_grid,P3_from_below,,no_hit,,,False,,,True,,,,,
4,1,L3-323,3,auto_grid,P3_from_below,,no_hit,,,False,,,True,,,,,
4,1,L3-324,3,auto_grid,P3_from_below,,no_hit,,,False,,,True,,,,,
4,1,L3-325,3,auto_grid,P3_from_below,,no_hit,,,False,,,True,,,,,
4,1,L3-326,3,auto_grid,P3_from_below,,resolved,34,34,True,0,34,True,,,,,
4,1,L3-327,3,auto_grid,P3_from_below,,resolved,49,49,True,0,49,True,,,,,
4,1,L3-328,3,auto_grid,P3_from_below,,resolved,68,68,True,0,68,True,,,,,
4,1,L3-329,3,auto_grid,P3_from_below,,no_hit,,,False,,,True,,,,,
4,1,L3-330,3,auto_grid,P3_from_below,,no_hit,,,False,,,True,,,,,
4,1,L3-331,3,auto_grid,P3_from_below,,no_hit,,,False,,,True,,,,,
4,1,L3-332,3,auto_grid,P3_from_below,,resolved,26,26,True,0,26,True,,,,,
4,1,L3-333,3,auto_grid,P3_from_below,,resolved,41,41,True,0,41,True,,,,,
4,1,L3-334,3,auto_grid,P3_from_below,,resolved,58,58,True,0,58,True,,,,,
4,1,L3-335,3,auto_grid,P3_from_below,,no_hit,,,False,,,True,,,,,
4,1,L3-336,3,auto_grid,P3_from_below,,no_hit,,,False,,,True,,,,,
4,1,L3-337,3,auto_grid,P3_from_below,,no_hit,,,False,,,True,,,,,
4,1,L3-338,3,auto_grid,P3_from_below,,no_hit,,,False,,,True,,,,,
4,1,L3-339,3,auto_grid,P3_from_below,,resolved,34,34,True,0,34,True,,,,,
4,1,L3-340,3,auto_grid,P3_from_below,,resolved,49,49,True,0,49,True,,,,,
4,1,L3-341,3,auto_grid,P3_from_below,,no_hit,,,False,,,True,,,,,
4,1,L3-342,3,auto_grid,P3_from_below,,no_hit,,,False,,,True,,,,,
4,1,L3-343,3,auto_grid,P3_from_below,,no_hit,,,False,,,True,,,,,
4,1,L3-344,3,auto_grid,P3_from_below,,no_hit,,,False,,,True,,,,,
4,1,L3-345,3,auto_grid,P3_from_below,,resolved,27,27,True,0,27,True,,,,,
4,1,L3-346,3,auto_grid,P3_from_below,,resolved,41,41,True,0,41,True,,,,,
4,1,L3-347,3,auto_grid,P3_from_below,,resolved,58,58,True,0,58,True,,,,,
4,1,L3-348,3,auto_grid,P3_from_below,,no_hit,,,False,,,True,,,,,
4,1,L3-349,3,auto_grid,P3_from_below,,no_hit,,,False,,,True,,,,,
4,1,L3-350,3,auto_grid,P3_from_below,,no_hit,,,False,,,True,,,,,
4,1,L3-351,3,auto_grid,P3_from_below,,no_hit,,,False,,,True,,,,,
4,1,L3-352,3,auto_grid,P3_from_below,,resolved,35,35,True,0,35,True,,,,,
4,1,L3-353,3,auto_grid,P3_from_below,,resolved,48,48,True,0,48,True,,,,,
4,1,L3-354,3,auto_grid,P3_from_below,,no_hit,,,False,,,True,,,,,
4,1,L3-355,3,auto_grid,P3_from_below,,no_hit,,,False,,,True,,,,,
4,1,L3-356,3,auto_grid,P3_from_below,,no_hit,,,False,,,True,,,,,
4,1,L3-357,3,auto_grid,P3_from_below,,no_hit,,,False,,,True,,,,,
4,1,L3-358,3,auto_grid,P3_from_below,,no_hit,,,False,,,True,,,,,
4,1,L3-359,3,auto_grid,P3_from_below,,no_hit,,41,False,,,True,,,,,
4,1,L3-360,3,auto_grid,P3_from_below,,resolved,58,59,True,1,58,True,,,,,
4,1,L3-361,3,auto_grid,P3_from_below,,no_hit,,,False,,,True,,,,,
4,1,L3-362,3,auto_grid,P3_from_below,,no_hit,,,False,,,True,,,,,
4,1,L3-363,3,auto_grid,P3_from_below,,no_hit,,,False,,,True,,,,,
4,1,L3-364,3,auto_grid,P3_from_below,,no_hit,,,False,,,True,,,,,
4,1,L3-365,3,auto_grid,P3_from_below,,no_hit,,,False,,,True,,,,,
4,1,L3-366,3,auto_grid,P3_from_below,,no_hit,,46,False,,,True,,,,,
4,1,L3-367,3,auto_grid,P3_from_below,,no_hit,,,False,,,True,,,,,
4,1,L3-368,3,auto_grid,P3_from_below,,no_hit,,,False,,,True,,,,,
4,1,L3-369,3,auto_grid,P3_from_below,,no_hit,,,False,,,True,,,,,
4,1,L3-370,3,auto_grid,P3_from_below,,no_hit,,,False,,,True,,,,,
4,1,L3-371,3,auto_grid,P3_from_below,,no_hit,,,False,,,True,,,,,
4,1,L3-372,3,auto_grid,P3_from_below,,no_hit,,,False,,,True,,,,,
4,1,L3-373,3,auto_grid,P3_from_below,,no_hit,,,False,,,True,,,,,
4,1,L3-374,3,auto_target,P4_close_side,,no_hit,,25,False,,,True,T01,27,,,
4,1,L3-375,3,auto_target,P4_close_side,,resolved,26,25,True,1,26,True,T02,29,False,,
4,1,L3-376,3,auto_target,P4_close_side,,resolved,27,27,True,0,27,True,T05,27,True,0,
4,1,L3-377,3,auto_target,P4_close_side,,resolved,38,36,True,2,38,True,T07,36,False,,
4,1,L3-378,3,auto_target,P4_close_side,,resolved,39,38,True,1,39,True,T08,38,True,1,
4,1,L3-379,3,auto_target,P4_close_side,,resolved,24,24,True,0,24,True,T09,40,False,,
4,1,L3-380,3,auto_target,P4_close_side,,resolved,23,23,True,0,23,True,T10,35,False,,
4,1,L3-381,3,auto_target,P4_close_side,,resolved,40,39,True,1,40,True,T11,39,False,,
4,1,L3-382,3,auto_target,P4_close_side,,resolved,40,41,True,1,40,True,T12,43,False,,
4,1,L3-383,3,auto_target,P4_close_side,,resolved,39,38,True,1,39,True,T14,47,False,,
4,1,L3-384,3,auto_target,P4_close_side,,no_hit,,45,False,,,True,T16,45,,,
4,1,L3-385,3,auto_target,P4_close_side,,resolved,40,40,True,0,40,True,T18,52,False,,
4,1,L3-386,3,auto_target,P4_close_side,,resolved,39,38,True,1,39,True,T19,54,False,,
4,1,L3-387,3,auto_target,P4_close_side,,resolved,47,47,True,0,47,True,T20,56,False,,
4,1,L3-388,3,auto_target,P4_close_side,,resolved,28,29,True,1,28,True,T23,58,False,,
4,1,L3-389,3,auto_target,P4_close_side,,resolved,23,23,True,0,23,True,T25,64,False,,
4,1,L3-390,3,auto_target,P4_close_side,,resolved,27,27,True,0,27,True,T27,67,False,,
4,1,L3-391,3,auto_target,P4_close_side,,resolved,23,23,True,0,23,True,T28,63,False,,
4,1,L3-392,3,auto_target,P4_close_side,,resolved,23,23,True,0,23,True,T30,70,False,,
4,1,L3-393,3,auto_target,P4_close_side,,resolved,23,23,True,0,23,True,T34,70,False,,
4,1,L3-394,3,auto_grid,P4_close_side,,no_hit,,,False,,,True,,,,,
4,1,L3-395,3,auto_grid,P4_close_side,,no_hit,,,False,,,True,,,,,
4,1,L3-396,3,auto_grid,P4_close_side,,no_hit,,,False,,,True,,,,,
4,1,L3-397,3,auto_grid,P4_close_side,,no_hit,,,False,,,True,,,,,
4,1,L3-398,3,auto_grid,P4_close_side,,no_hit,,,False,,,True,,,,,
4,1,L3-399,3,auto_grid,P4_close_side,,no_hit,,,False,,,True,,,,,
4,1,L3-400,3,auto_grid,P4_close_side,,no_hit,,,False,,,True,,,,,
4,1,L3-401,3,auto_grid,P4_close_side,,no_hit,,,False,,,True,,,,,
4,1,L3-402,3,auto_grid,P4_close_side,,no_hit,,,False,,,True,,,,,
4,1,L3-403,3,auto_grid,P4_close_side,,no_hit,,,False,,,True,,,,,
4,1,L3-404,3,auto_grid,P4_close_side,,no_hit,,,False,,,True,,,,,
4,1,L3-405,3,auto_grid,P4_close_side,,no_hit,,,False,,,True,,,,,
4,1,L3-406,3,auto_grid,P4_close_side,,resolved,50,50,True,0,50,True,,,,,
4,1,L3-407,3,auto_grid,P4_close_side,,no_hit,,,False,,,True,,,,,
4,1,L3-408,3,auto_grid,P4_close_side,,no_hit,,,False,,,True,,,,,
4,1,L3-409,3,auto_grid,P4_close_side,,no_hit,,,False,,,True,,,,,
4,1,L3-410,3,auto_grid,P4_close_side,,no_hit,,,False,,,True,,,,,
4,1,L3-411,3,auto_grid,P4_close_side,,no_hit,,,False,,,True,,,,,
4,1,L3-412,3,auto_grid,P4_close_side,,resolved,28,28,True,0,28,True,,,,,
4,1,L3-413,3,auto_grid,P4_close_side,,resolved,30,31,True,1,30,True,,,,,
4,1,L3-414,3,auto_grid,P4_close_side,,resolved,35,35,True,0,35,True,,,,,
4,1,L3-415,3,auto_grid,P4_close_side,,no_hit,,,False,,,True,,,,,
4,1,L3-416,3,auto_grid,P4_close_side,,no_hit,,,False,,,True,,,,,
4,1,L3-417,3,auto_grid,P4_close_side,,no_hit,,,False,,,True,,,,,
4,1,L3-418,3,auto_grid,P4_close_side,,resolved,23,23,True,0,23,True,,,,,
4,1,L3-419,3,auto_grid,P4_close_side,,resolved,25,25,True,0,25,True,,,,,
4,1,L3-420,3,auto_grid,P4_close_side,,resolved,28,28,True,0,28,True,,,,,
4,1,L3-421,3,auto_grid,P4_close_side,,resolved,32,33,True,1,32,True,,,,,
4,1,L3-422,3,auto_grid,P4_close_side,,resolved,36,36,True,0,36,True,,,,,
4,1,L3-423,3,auto_grid,P4_close_side,,resolved,40,39,True,1,40,True,,,,,
4,1,L3-424,3,auto_grid,P4_close_side,,resolved,23,23,True,0,23,True,,,,,
4,1,L3-425,3,auto_grid,P4_close_side,,resolved,23,23,True,0,23,True,,,,,
4,1,L3-426,3,auto_grid,P4_close_side,,resolved,24,25,True,1,24,True,,,,,
4,1,L3-427,3,auto_grid,P4_close_side,,resolved,28,29,True,1,28,True,,,,,
4,1,L3-428,3,auto_grid,P4_close_side,,resolved,32,32,True,0,32,True,,,,,
4,1,L3-429,3,auto_grid,P4_close_side,,resolved,35,36,True,1,35,True,,,,,
4,1,L3-430,3,auto_grid,P4_close_side,,resolved,23,23,True,0,23,True,,,,,
4,1,L3-431,3,auto_grid,P4_close_side,,resolved,23,23,True,0,23,True,,,,,
4,1,L3-432,3,auto_grid,P4_close_side,,resolved,23,23,True,0,23,True,,,,,
4,1,L3-433,3,auto_grid,P4_close_side,,resolved,27,27,True,0,27,True,,,,,
4,1,L3-434,3,auto_grid,P4_close_side,,resolved,31,31,True,0,31,True,,,,,
4,1,L3-435,3,auto_grid,P4_close_side,,resolved,33,34,True,1,33,True,,,,,
4,1,L3-436,3,auto_grid,P4_close_side,,resolved,23,23,True,0,23,True,,,,,
4,1,L3-437,3,auto_grid,P4_close_side,,resolved,23,23,True,0,23,True,,,,,
4,1,L3-438,3,auto_grid,P4_close_side,,resolved,23,24,True,1,23,True,,,,,
4,1,L3-439,3,auto_grid,P4_close_side,,resolved,28,28,True,0,28,True,,,,,
4,1,L3-440,3,auto_grid,P4_close_side,,resolved,31,31,True,0,31,True,,,,,
4,1,L3-441,3,auto_grid,P4_close_side,,resolved,35,35,True,0,35,True,,,,,
4,1,L3-442,3,auto_grid,P4_close_side,,resolved,23,23,True,0,23,True,,,,,
4,1,L3-443,3,auto_grid,P4_close_side,,resolved,23,23,True,0,23,True,,,,,
4,1,L3-444,3,auto_grid,P4_close_side,,resolved,25,26,True,1,25,True,,,,,
4,1,L3-445,3,auto_grid,P4_close_side,,resolved,39,38,True,1,39,True,,,,,
4,1,L3-446,3,auto_grid,P4_close_side,,resolved,37,37,True,0,37,True,,,,,
4,1,L3-447,3,auto_grid,P4_close_side,,resolved,47,39,True,8,47,True,,,,,
4,1,L3-448,3,auto_grid,P4_close_side,,resolved,23,23,True,0,23,True,,,,,
4,1,L3-449,3,auto_grid,P4_close_side,,no_hit,,26,False,,,True,,,,,
4,1,L3-450,3,auto_grid,P4_close_side,,no_hit,,,False,,,True,,,,,
4,1,L3-451,3,auto_grid,P4_close_side,,no_hit,,,False,,,True,,,,,
4,1,L3-452,3,auto_grid,P4_close_side,,no_hit,,,False,,,True,,,,,
4,1,L3-453,3,auto_grid,P4_close_side,,no_hit,,,False,,,True,,,,,
4,1,L3-454,3,auto_target,P5_near_top_down,,resolved,25,25,True,0,25,True,T00,25,True,0,
4,1,L3-455,3,auto_target,P5_near_top_down,,resolved,27,27,True,0,27,True,T01,27,False,,
4,1,L3-456,3,auto_target,P5_near_top_down,,resolved,29,29,True,0,29,True,T02,29,True,0,
4,1,L3-457,3,auto_target,P5_near_top_down,,resolved,35,35,True,0,35,True,T03,31,False,,
4,1,L3-458,3,auto_target,P5_near_top_down,,resolved,25,25,True,0,25,True,T04,23,False,,
4,1,L3-459,3,auto_target,P5_near_top_down,,no_hit,,27,False,,,True,T05,27,,,
4,1,L3-460,3,auto_target,P5_near_top_down,,resolved,38,38,True,0,38,True,T06,34,False,,
4,1,L3-461,3,auto_target,P5_near_top_down,,resolved,41,41,True,0,41,True,T07,36,False,,
4,1,L3-462,3,auto_target,P5_near_top_down,,resolved,41,41,True,0,41,True,T08,38,False,,
4,1,L3-463,3,auto_target,P5_near_top_down,,resolved,40,40,True,0,40,True,T09,40,True,0,
4,1,L3-464,3,auto_target,P5_near_top_down,,resolved,36,35,True,1,36,True,T10,35,True,1,
4,1,L3-465,3,auto_target,P5_near_top_down,,resolved,38,39,True,1,38,True,T11,39,True,1,
4,1,L3-466,3,auto_target,P5_near_top_down,,resolved,46,46,True,0,46,True,T12,43,False,,
4,1,L3-467,3,auto_target,P5_near_top_down,,resolved,46,46,True,0,46,True,T13,45,False,,
4,1,L3-468,3,auto_target,P5_near_top_down,,resolved,47,47,True,0,47,True,T14,47,True,0,
4,1,L3-469,3,auto_target,P5_near_top_down,,no_hit,,49,False,,,True,T15,49,,,
4,1,L3-470,3,auto_target,P5_near_top_down,,resolved,44,45,True,1,44,True,T16,45,False,,
4,1,L3-471,3,auto_target,P5_near_top_down,,resolved,52,52,True,0,52,True,T17,49,False,,
4,1,L3-472,3,auto_target,P5_near_top_down,,resolved,54,54,True,0,54,True,T18,52,False,,
4,1,L3-473,3,auto_target,P5_near_top_down,,resolved,56,56,True,0,56,True,T19,54,False,,
4,1,L3-474,3,auto_target,P5_near_top_down,,resolved,58,58,True,0,58,True,T20,56,False,,
4,1,L3-475,3,auto_target,P5_near_top_down,,resolved,59,58,True,1,59,True,T21,58,False,,
4,1,L3-476,3,auto_target,P5_near_top_down,,resolved,53,54,True,1,53,True,T22,54,False,,
4,1,L3-477,3,auto_target,P5_near_top_down,,resolved,58,58,True,0,58,True,T23,58,True,0,
4,1,L3-478,3,auto_target,P5_near_top_down,,resolved,62,62,True,0,62,True,T24,62,False,,
4,1,L3-479,3,auto_target,P5_near_top_down,,resolved,64,64,True,0,64,True,T25,64,True,0,
4,1,L3-480,3,auto_target,P5_near_top_down,,resolved,65,65,True,0,65,True,T26,65,False,,
4,1,L3-481,3,auto_target,P5_near_top_down,,resolved,67,67,True,0,67,True,T27,67,False,,
4,1,L3-482,3,auto_target,P5_near_top_down,,resolved,63,63,True,0,63,True,T28,63,False,,
4,1,L3-483,3,auto_target,P5_near_top_down,,resolved,66,66,True,0,66,True,T29,66,False,,
4,1,L3-484,3,auto_target,P5_near_top_down,,resolved,70,70,True,0,70,True,T30,70,False,,
4,1,L3-485,3,auto_target,P5_near_top_down,,resolved,72,72,True,0,72,True,T31,72,True,0,
4,1,L3-486,3,auto_target,P5_near_top_down,,resolved,74,74,True,0,74,True,T32,74,True,0,
4,1,L3-487,3,auto_target,P5_near_top_down,,resolved,76,76,True,0,76,True,T33,76,True,0,
4,1,L3-488,3,auto_target,P5_near_top_down,,resolved,71,70,True,1,71,True,T34,70,False,,
4,1,L3-489,3,auto_target,P5_near_top_down,,resolved,74,74,True,0,74,True,T35,74,False,,
4,1,L3-490,3,auto_grid,P5_near_top_down,,no_hit,,,False,,,True,,,,,
4,1,L3-491,3,auto_grid,P5_near_top_down,,no_hit,,,False,,,True,,,,,
4,1,L3-492,3,auto_grid,P5_near_top_down,,resolved,78,78,True,0,78,True,,,,,
4,1,L3-493,3,auto_grid,P5_near_top_down,,no_hit,,,False,,,True,,,,,
4,1,L3-494,3,auto_grid,P5_near_top_down,,no_hit,,,False,,,True,,,,,
4,1,L3-495,3,auto_grid,P5_near_top_down,,no_hit,,,False,,,True,,,,,
4,1,L3-496,3,auto_grid,P5_near_top_down,,no_hit,,,False,,,True,,,,,
4,1,L3-497,3,auto_grid,P5_near_top_down,,no_hit,,,False,,,True,,,,,
4,1,L3-498,3,auto_grid,P5_near_top_down,,no_hit,,,False,,,True,,,,,
4,1,L3-499,3,auto_grid,P5_near_top_down,,resolved,53,53,True,0,53,True,,,,,
4,1,L3-500,3,auto_grid,P5_near_top_down,,resolved,27,27,True,0,27,True,,,,,
4,1,L3-501,3,auto_grid,P5_near_top_down,,no_hit,,,False,,,True,,,,,
4,1,L3-502,3,auto_grid,P5_near_top_down,,no_hit,,,False,,,True,,,,,
4,1,L3-503,3,auto_grid,P5_near_top_down,,no_hit,,,False,,,True,,,,,
4,1,L3-504,3,auto_grid,P5_near_top_down,,no_hit,,,False,,,True,,,,,
4,1,L3-505,3,auto_grid,P5_near_top_down,,resolved,54,53,True,1,54,True,,,,,
4,1,L3-506,3,auto_grid,P5_near_top_down,,resolved,30,31,True,1,30,True,,,,,
4,1,L3-507,3,auto_grid,P5_near_top_down,,no_hit,,,False,,,True,,,,,
4,1,L3-508,3,auto_grid,P5_near_top_down,,no_hit,,,False,,,True,,,,,
4,1,L3-509,3,auto_grid,P5_near_top_down,,no_hit,,,False,,,True,,,,,
4,1,L3-510,3,auto_grid,P5_near_top_down,,no_hit,,,False,,,True,,,,,
4,1,L3-511,3,auto_grid,P5_near_top_down,,resolved,54,54,True,0,54,True,,,,,
4,1,L3-512,3,auto_grid,P5_near_top_down,,resolved,30,30,True,0,30,True,,,,,
4,1,L3-513,3,auto_grid,P5_near_top_down,,no_hit,,,False,,,True,,,,,
4,1,L3-514,3,auto_grid,P5_near_top_down,,no_hit,,,False,,,True,,,,,
4,1,L3-515,3,auto_grid,P5_near_top_down,,no_hit,,,False,,,True,,,,,
4,1,L3-516,3,auto_grid,P5_near_top_down,,no_hit,,,False,,,True,,,,,
4,1,L3-517,3,auto_grid,P5_near_top_down,,resolved,54,54,True,0,54,True,,,,,
4,1,L3-518,3,auto_grid,P5_near_top_down,,no_hit,,28,False,,,True,,,,,
4,1,L3-519,3,auto_grid,P5_near_top_down,,no_hit,,,False,,,True,,,,,
4,1,L3-520,3,auto_grid,P5_near_top_down,,no_hit,,,False,,,True,,,,,
4,1,L3-521,3,auto_grid,P5_near_top_down,,no_hit,,,False,,,True,,,,,
4,1,L3-522,3,auto_grid,P5_near_top_down,,no_hit,,,False,,,True,,,,,
4,1,L3-523,3,auto_grid,P5_near_top_down,,resolved,55,55,True,0,55,True,,,,,
4,1,L3-524,3,auto_grid,P5_near_top_down,,no_hit,,,False,,,True,,,,,
4,1,L3-525,3,auto_grid,P5_near_top_down,,no_hit,,,False,,,True,,,,,
4,1,L3-526,3,auto_grid,P5_near_top_down,,no_hit,,,False,,,True,,,,,
4,1,L3-527,3,auto_grid,P5_near_top_down,,no_hit,,,False,,,True,,,,,
4,1,L3-528,3,auto_grid,P5_near_top_down,,no_hit,,,False,,,True,,,,,
4,1,L3-529,3,auto_grid,P5_near_top_down,,resolved,55,55,True,0,55,True,,,,,
4,1,L3-530,3,auto_grid,P5_near_top_down,,no_hit,,,False,,,True,,,,,
4,1,L3-531,3,auto_grid,P5_near_top_down,,no_hit,,,False,,,True,,,,,
4,1,L3-532,3,auto_grid,P5_near_top_down,,no_hit,,,False,,,True,,,,,
4,1,L3-533,3,auto_grid,P5_near_top_down,,no_hit,,,False,,,True,,,,,
4,1,L3-534,3,auto_grid,P5_near_top_down,,no_hit,,,False,,,True,,,,,
4,1,L3-535,3,auto_grid,P5_near_top_down,,no_hit,,,False,,,True,,,,,
4,1,L3-536,3,auto_grid,P5_near_top_down,,no_hit,,,False,,,True,,,,,
4,1,L3-537,3,auto_grid,P5_near_top_down,,no_hit,,,False,,,True,,,,,
4,1,L3-538,3,auto_grid,P5_near_top_down,,no_hit,,,False,,,True,,,,,
4,1,L3-539,3,auto_grid,P5_near_top_down,,no_hit,,,False,,,True,,,,,
4,1,L3-540,3,auto_grid,P5_near_top_down,,no_hit,,,False,,,True,,,,,
4,1,L3-541,3,auto_grid,P5_near_top_down,,no_hit,,,False,,,True,,,,,
4,1,L3-542,3,auto_grid,P5_near_top_down,,no_hit,,,False,,,True,,,,,
4,1,L3-543,3,auto_grid,P5_near_top_down,,no_hit,,,False,,,True,,,,,
4,1,L3-544,3,auto_grid,P5_near_top_down,,no_hit,,,False,,,True,,,,,
4,1,L3-545,3,auto_grid,P5_near_top_down,,no_hit,,,False,,,True,,,,,
4,1,L3-546,3,auto_grid,P5_near_top_down,,no_hit,,,False,,,True,,,,,
4,1,L3-547,3,auto_grid,P5_near_top_down,,no_hit,,,False,,,True,,,,,
4,1,L3-548,3,auto_grid,P5_near_top_down,,no_hit,,,False,,,True,,,,,
4,1,L3-549,3,auto_grid,P5_near_top_down,,no_hit,,,False,,,True,,,,,
5,1,L4-1,4,auto_target,P0_fit,,resolved,69,69,True,0,69,True,T00,25,False,,
5,1,L4-2,4,auto_target,P0_fit,,resolved,26,27,True,1,26,True,T01,27,True,1,
5,1,L4-3,4,auto_target,P0_fit,,resolved,26,29,True,3,26,True,T02,29,False,,
5,1,L4-4,4,auto_target,P0_fit,,resolved,63,60,True,3,63,True,T03,31,False,,
5,1,L4-5,4,auto_target,P0_fit,,resolved,52,51,True,1,52,True,T04,23,False,,
5,1,L4-6,4,auto_target,P0_fit,,resolved,53,53,True,0,53,True,T05,27,False,,
5,1,L4-7,4,auto_target,P0_fit,,resolved,63,59,True,4,63,True,T06,34,False,,
5,1,L4-8,4,auto_target,P0_fit,,resolved,63,64,True,1,63,True,T07,36,False,,
5,1,L4-9,4,auto_target,P0_fit,,resolved,66,66,True,0,66,True,T08,38,False,,
5,1,L4-10,4,auto_target,P0_fit,,resolved,48,51,True,3,48,True,T09,40,False,,
5,1,L4-11,4,auto_target,P0_fit,,resolved,35,35,True,0,35,True,T10,35,True,0,
5,1,L4-12,4,auto_target,P0_fit,,no_hit,,46,False,,,True,T11,39,,,
5,1,L4-13,4,auto_target,P0_fit,,resolved,59,59,True,0,59,True,T12,43,False,,
5,1,L4-14,4,auto_target,P0_fit,,no_hit,,47,False,,,True,T13,45,,,
5,1,L4-15,4,auto_target,P0_fit,,no_hit,,47,False,,,True,T14,47,,,
5,1,L4-16,4,auto_target,P0_fit,,resolved,47,49,True,2,47,True,T15,49,False,,
5,1,L4-17,4,auto_target,P0_fit,,no_hit,,46,False,,,True,T16,45,,,
5,1,L4-18,4,auto_target,P0_fit,,resolved,70,70,True,0,70,True,T17,49,False,,
5,1,L4-19,4,auto_target,P0_fit,,no_hit,,54,False,,,True,T18,52,,,
5,1,L4-20,4,auto_target,P0_fit,,no_hit,,54,False,,,True,T19,54,,,
5,1,L4-21,4,auto_target,P0_fit,,no_hit,,56,False,,,True,T20,56,,,
5,1,L4-22,4,auto_target,P0_fit,,resolved,70,70,True,0,70,True,T21,58,False,,
5,1,L4-23,4,auto_target,P0_fit,,resolved,70,54,True,16,70,True,T22,54,False,,
5,1,L4-24,4,auto_target,P0_fit,,resolved,58,58,True,0,58,True,T23,58,True,0,
5,1,L4-25,4,auto_target,P0_fit,,no_hit,,69,False,,,True,T24,62,,,
5,1,L4-26,4,auto_target,P0_fit,,resolved,70,70,True,0,70,True,T25,64,False,,
5,1,L4-27,4,auto_target,P0_fit,,resolved,70,71,True,1,70,True,T26,65,False,,
5,1,L4-28,4,auto_target,P0_fit,,resolved,66,67,True,1,66,True,T27,67,True,1,
5,1,L4-29,4,auto_target,P0_fit,,resolved,69,69,True,0,69,True,T28,63,False,,
5,1,L4-30,4,auto_target,P0_fit,,resolved,71,71,True,0,71,True,T29,66,False,,
5,1,L4-31,4,auto_target,P0_fit,,resolved,69,70,True,1,69,True,T30,70,True,1,
5,1,L4-32,4,auto_target,P0_fit,,no_hit,,74,False,,,True,T31,72,,,
5,1,L4-33,4,auto_target,P0_fit,,no_hit,,76,False,,,True,T32,74,,,
5,1,L4-34,4,auto_target,P0_fit,,no_hit,,76,False,,,True,T33,76,,,
5,1,L4-35,4,auto_target,P0_fit,,resolved,69,70,True,1,69,True,T34,70,False,,
5,1,L4-36,4,auto_target,P0_fit,,resolved,72,74,True,2,72,True,T35,74,False,,
5,1,L4-37,4,auto_grid,P0_fit,,no_hit,,,False,,,True,,,,,
5,1,L4-38,4,auto_grid,P0_fit,,no_hit,,,False,,,True,,,,,
5,1,L4-39,4,auto_grid,P0_fit,,no_hit,,,False,,,True,,,,,
5,1,L4-40,4,auto_grid,P0_fit,,no_hit,,,False,,,True,,,,,
5,1,L4-41,4,auto_grid,P0_fit,,no_hit,,,False,,,True,,,,,
5,1,L4-42,4,auto_grid,P0_fit,,no_hit,,,False,,,True,,,,,
5,1,L4-43,4,auto_grid,P0_fit,,no_hit,,,False,,,True,,,,,
5,1,L4-44,4,auto_grid,P0_fit,,no_hit,,,False,,,True,,,,,
5,1,L4-45,4,auto_grid,P0_fit,,no_hit,,,False,,,True,,,,,
5,1,L4-46,4,auto_grid,P0_fit,,no_hit,,,False,,,True,,,,,
5,1,L4-47,4,auto_grid,P0_fit,,no_hit,,,False,,,True,,,,,
5,1,L4-48,4,auto_grid,P0_fit,,no_hit,,,False,,,True,,,,,
5,1,L4-49,4,auto_grid,P0_fit,,no_hit,,,False,,,True,,,,,
5,1,L4-50,4,auto_grid,P0_fit,,no_hit,,,False,,,True,,,,,
5,1,L4-51,4,auto_grid,P0_fit,,no_hit,,,False,,,True,,,,,
5,1,L4-52,4,auto_grid,P0_fit,,no_hit,,,False,,,True,,,,,
5,1,L4-53,4,auto_grid,P0_fit,,no_hit,,,False,,,True,,,,,
5,1,L4-54,4,auto_grid,P0_fit,,no_hit,,,False,,,True,,,,,
5,1,L4-55,4,auto_grid,P0_fit,,resolved,47,50,True,3,47,True,,,,,
5,1,L4-56,4,auto_grid,P0_fit,,no_hit,,,False,,,True,,,,,
5,1,L4-57,4,auto_grid,P0_fit,,no_hit,,,False,,,True,,,,,
5,1,L4-58,4,auto_grid,P0_fit,,no_hit,,,False,,,True,,,,,
5,1,L4-59,4,auto_grid,P0_fit,,no_hit,,,False,,,True,,,,,
5,1,L4-60,4,auto_grid,P0_fit,,no_hit,,,False,,,True,,,,,
5,1,L4-61,4,auto_grid,P0_fit,,no_hit,,,False,,,True,,,,,
5,1,L4-62,4,auto_grid,P0_fit,,resolved,55,55,True,0,55,True,,,,,
5,1,L4-63,4,auto_grid,P0_fit,,resolved,59,59,True,0,59,True,,,,,
5,1,L4-64,4,auto_grid,P0_fit,,resolved,64,64,True,0,64,True,,,,,
5,1,L4-65,4,auto_grid,P0_fit,,resolved,62,59,True,3,62,True,,,,,
5,1,L4-66,4,auto_grid,P0_fit,,no_hit,,,False,,,True,,,,,
5,1,L4-67,4,auto_grid,P0_fit,,no_hit,,,False,,,True,,,,,
5,1,L4-68,4,auto_grid,P0_fit,,resolved,57,62,True,5,57,True,,,,,
5,1,L4-69,4,auto_grid,P0_fit,,resolved,61,61,True,0,61,True,,,,,
5,1,L4-70,4,auto_grid,P0_fit,,resolved,63,63,True,0,63,True,,,,,
5,1,L4-71,4,auto_grid,P0_fit,,resolved,68,61,True,7,68,True,,,,,
5,1,L4-72,4,auto_grid,P0_fit,,resolved,78,78,True,0,78,True,,,,,
5,1,L4-73,4,auto_grid,P0_fit,,no_hit,,,False,,,True,,,,,
5,1,L4-74,4,auto_grid,P0_fit,,no_hit,,,False,,,True,,,,,
5,1,L4-75,4,auto_grid,P0_fit,,resolved,48,48,True,0,48,True,,,,,
5,1,L4-76,4,auto_grid,P0_fit,,resolved,46,45,True,1,46,True,,,,,
5,1,L4-77,4,auto_grid,P0_fit,,no_hit,,69,False,,,True,,,,,
5,1,L4-78,4,auto_grid,P0_fit,,no_hit,,,False,,,True,,,,,
5,1,L4-79,4,auto_grid,P0_fit,,no_hit,,,False,,,True,,,,,
5,1,L4-80,4,auto_grid,P0_fit,,no_hit,,,False,,,True,,,,,
5,1,L4-81,4,auto_grid,P0_fit,,no_hit,,,False,,,True,,,,,
5,1,L4-82,4,auto_grid,P0_fit,,no_hit,,,False,,,True,,,,,
5,1,L4-83,4,auto_grid,P0_fit,,no_hit,,,False,,,True,,,,,
5,1,L4-84,4,auto_grid,P0_fit,,no_hit,,,False,,,True,,,,,
5,1,L4-85,4,auto_grid,P0_fit,,no_hit,,,False,,,True,,,,,
5,1,L4-86,4,auto_grid,P0_fit,,no_hit,,,False,,,True,,,,,
5,1,L4-87,4,auto_grid,P0_fit,,no_hit,,,False,,,True,,,,,
5,1,L4-88,4,auto_grid,P0_fit,,no_hit,,,False,,,True,,,,,
5,1,L4-89,4,auto_grid,P0_fit,,no_hit,,,False,,,True,,,,,
5,1,L4-90,4,auto_grid,P0_fit,,no_hit,,,False,,,True,,,,,
5,1,L4-91,4,auto_grid,P0_fit,,no_hit,,,False,,,True,,,,,
5,1,L4-92,4,auto_grid,P0_fit,,no_hit,,,False,,,True,,,,,
5,1,L4-93,4,auto_grid,P0_fit,,no_hit,,,False,,,True,,,,,
5,1,L4-94,4,auto_grid,P0_fit,,no_hit,,,False,,,True,,,,,
5,1,L4-95,4,auto_grid,P0_fit,,no_hit,,,False,,,True,,,,,
5,1,L4-96,4,auto_grid,P0_fit,,no_hit,,,False,,,True,,,,,
5,1,L4-97,4,auto_target,P1_zoom_in,,resolved,65,66,True,1,65,True,T01,27,False,,
5,1,L4-98,4,auto_target,P1_zoom_in,,resolved,64,65,True,1,64,True,T02,29,False,,
5,1,L4-99,4,auto_target,P1_zoom_in,,resolved,62,61,True,1,62,True,T05,27,False,,
5,1,L4-100,4,auto_target,P1_zoom_in,,no_hit,,36,False,,,True,T07,36,,,
5,1,L4-101,4,auto_target,P1_zoom_in,,resolved,48,49,True,1,48,True,T08,38,False,,
5,1,L4-102,4,auto_target,P1_zoom_in,,resolved,68,68,True,0,68,True,T09,40,False,,
5,1,L4-103,4,auto_target,P1_zoom_in,,resolved,67,67,True,0,67,True,T10,35,False,,
5,1,L4-104,4,auto_target,P1_zoom_in,,resolved,66,66,True,0,66,True,T11,39,False,,
5,1,L4-105,4,auto_target,P1_zoom_in,,resolved,43,48,True,5,43,True,T12,43,True,0,
5,1,L4-106,4,auto_target,P1_zoom_in,,resolved,46,47,True,1,46,True,T13,45,False,,
5,1,L4-107,4,auto_target,P1_zoom_in,,resolved,69,68,True,1,69,True,T14,47,False,,
5,1,L4-108,4,auto_target,P1_zoom_in,,resolved,52,52,True,0,52,True,T15,49,False,,
5,1,L4-109,4,auto_target,P1_zoom_in,,resolved,63,62,True,1,63,True,T16,45,False,,
5,1,L4-110,4,auto_target,P1_zoom_in,,resolved,50,52,True,2,50,True,T18,52,False,,
5,1,L4-111,4,auto_target,P1_zoom_in,,resolved,52,54,True,2,52,True,T19,54,False,,
5,1,L4-112,4,auto_target,P1_zoom_in,,resolved,55,56,True,1,55,True,T20,56,False,,
5,1,L4-113,4,auto_target,P1_zoom_in,,resolved,58,67,True,9,58,True,T21,58,True,0,
5,1,L4-114,4,auto_target,P1_zoom_in,,resolved,61,64,True,3,61,True,T23,58,False,,
5,1,L4-115,4,auto_target,P1_zoom_in,,no_hit,,63,False,,,True,T24,62,,,
5,1,L4-116,4,auto_target,P1_zoom_in,,resolved,76,75,True,1,76,True,T25,64,False,,
5,1,L4-117,4,auto_target,P1_zoom_in,,resolved,57,65,True,8,57,True,T26,65,False,,
5,1,L4-118,4,auto_target,P1_zoom_in,,resolved,65,67,True,2,65,True,T27,67,False,,
5,1,L4-119,4,auto_target,P1_zoom_in,,resolved,69,69,True,0,69,True,T28,63,False,,
5,1,L4-120,4,auto_target,P1_zoom_in,,resolved,57,67,True,10,57,True,T29,66,False,,
5,1,L4-121,4,auto_target,P1_zoom_in,,resolved,70,70,True,0,70,True,T30,70,True,0,
5,1,L4-122,4,auto_grid,P1_zoom_in,,no_hit,,,False,,,True,,,,,
5,1,L4-123,4,auto_grid,P1_zoom_in,,no_hit,,,False,,,True,,,,,
5,1,L4-124,4,auto_grid,P1_zoom_in,,no_hit,,,False,,,True,,,,,
5,1,L4-125,4,auto_grid,P1_zoom_in,,no_hit,,,False,,,True,,,,,
5,1,L4-126,4,auto_grid,P1_zoom_in,,no_hit,,,False,,,True,,,,,
5,1,L4-127,4,auto_grid,P1_zoom_in,,no_hit,,,False,,,True,,,,,
5,1,L4-128,4,auto_grid,P1_zoom_in,,no_hit,,,False,,,True,,,,,
5,1,L4-129,4,auto_grid,P1_zoom_in,,no_hit,,,False,,,True,,,,,
5,1,L4-130,4,auto_grid,P1_zoom_in,,no_hit,,,False,,,True,,,,,
5,1,L4-131,4,auto_grid,P1_zoom_in,,no_hit,,,False,,,True,,,,,
5,1,L4-132,4,auto_grid,P1_zoom_in,,no_hit,,,False,,,True,,,,,
5,1,L4-133,4,auto_grid,P1_zoom_in,,no_hit,,,False,,,True,,,,,
5,1,L4-134,4,auto_grid,P1_zoom_in,,no_hit,,,False,,,True,,,,,
5,1,L4-135,4,auto_grid,P1_zoom_in,,resolved,49,50,True,1,49,True,,,,,
5,1,L4-136,4,auto_grid,P1_zoom_in,,no_hit,,,False,,,True,,,,,
5,1,L4-137,4,auto_grid,P1_zoom_in,,no_hit,,,False,,,True,,,,,
5,1,L4-138,4,auto_grid,P1_zoom_in,,no_hit,,,False,,,True,,,,,
5,1,L4-139,4,auto_grid,P1_zoom_in,,no_hit,,,False,,,True,,,,,
5,1,L4-140,4,auto_grid,P1_zoom_in,,no_hit,,,False,,,True,,,,,
5,1,L4-141,4,auto_grid,P1_zoom_in,,no_hit,,,False,,,True,,,,,
5,1,L4-142,4,auto_grid,P1_zoom_in,,no_hit,,44,False,,,True,,,,,
5,1,L4-143,4,auto_grid,P1_zoom_in,,no_hit,,,False,,,True,,,,,
5,1,L4-144,4,auto_grid,P1_zoom_in,,no_hit,,,False,,,True,,,,,
5,1,L4-145,4,auto_grid,P1_zoom_in,,no_hit,,,False,,,True,,,,,
5,1,L4-146,4,auto_grid,P1_zoom_in,,resolved,70,70,True,0,70,True,,,,,
5,1,L4-147,4,auto_grid,P1_zoom_in,,resolved,62,62,True,0,62,True,,,,,
5,1,L4-148,4,auto_grid,P1_zoom_in,,resolved,57,56,True,1,57,True,,,,,
5,1,L4-149,4,auto_grid,P1_zoom_in,,resolved,52,54,True,2,52,True,,,,,
5,1,L4-150,4,auto_grid,P1_zoom_in,,resolved,48,50,True,2,48,True,,,,,
5,1,L4-151,4,auto_grid,P1_zoom_in,,no_hit,,,False,,,True,,,,,
5,1,L4-152,4,auto_grid,P1_zoom_in,,no_hit,,,False,,,True,,,,,
5,1,L4-153,4,auto_grid,P1_zoom_in,,no_hit,,,False,,,True,,,,,
5,1,L4-154,4,auto_grid,P1_zoom_in,,resolved,62,62,True,0,62,True,,,,,
5,1,L4-155,4,auto_grid,P1_zoom_in,,resolved,63,62,True,1,63,True,,,,,
5,1,L4-156,4,auto_grid,P1_zoom_in,,resolved,60,60,True,0,60,True,,,,,
5,1,L4-157,4,auto_grid,P1_zoom_in,,resolved,55,59,True,4,55,True,,,,,
5,1,L4-158,4,auto_grid,P1_zoom_in,,no_hit,,,False,,,True,,,,,
5,1,L4-159,4,auto_grid,P1_zoom_in,,no_hit,,,False,,,True,,,,,
5,1,L4-160,4,auto_grid,P1_zoom_in,,no_hit,,60,False,,,True,,,,,
5,1,L4-161,4,auto_grid,P1_zoom_in,,resolved,68,68,True,0,68,True,,,,,
5,1,L4-162,4,auto_grid,P1_zoom_in,,resolved,64,64,True,0,64,True,,,,,
5,1,L4-163,4,auto_grid,P1_zoom_in,,resolved,61,60,True,1,61,True,,,,,
5,1,L4-164,4,auto_grid,P1_zoom_in,,no_hit,,,False,,,True,,,,,
5,1,L4-165,4,auto_grid,P1_zoom_in,,no_hit,,,False,,,True,,,,,
5,1,L4-166,4,auto_grid,P1_zoom_in,,no_hit,,,False,,,True,,,,,
5,1,L4-167,4,auto_grid,P1_zoom_in,,resolved,62,62,True,0,62,True,,,,,
5,1,L4-168,4,auto_grid,P1_zoom_in,,resolved,69,69,True,0,69,True,,,,,
5,1,L4-169,4,auto_grid,P1_zoom_in,,resolved,64,55,True,9,64,True,,,,,
5,1,L4-170,4,auto_grid,P1_zoom_in,,no_hit,,,False,,,True,,,,,
5,1,L4-171,4,auto_grid,P1_zoom_in,,no_hit,,,False,,,True,,,,,
5,1,L4-172,4,auto_grid,P1_zoom_in,,no_hit,,,False,,,True,,,,,
5,1,L4-173,4,auto_grid,P1_zoom_in,,resolved,67,68,True,1,67,True,,,,,
5,1,L4-174,4,auto_grid,P1_zoom_in,,resolved,71,72,True,1,71,True,,,,,
5,1,L4-175,4,auto_grid,P1_zoom_in,,resolved,66,68,True,2,66,True,,,,,
5,1,L4-176,4,auto_grid,P1_zoom_in,,no_hit,,,False,,,True,,,,,
5,1,L4-177,4,auto_grid,P1_zoom_in,,no_hit,,,False,,,True,,,,,
5,1,L4-178,4,auto_grid,P1_zoom_in,,no_hit,,,False,,,True,,,,,
5,1,L4-179,4,auto_grid,P1_zoom_in,,no_hit,,,False,,,True,,,,,
5,1,L4-180,4,auto_grid,P1_zoom_in,,resolved,74,74,True,0,74,True,,,,,
5,1,L4-181,4,auto_grid,P1_zoom_in,,resolved,71,71,True,0,71,True,,,,,
5,1,L4-182,4,auto_target,P2_zoom_out_high,,resolved,25,25,True,0,25,True,T00,25,True,0,
5,1,L4-183,4,auto_target,P2_zoom_out_high,,resolved,27,27,True,0,27,True,T01,27,True,0,
5,1,L4-184,4,auto_target,P2_zoom_out_high,,resolved,30,29,True,1,30,True,T02,29,False,,
5,1,L4-185,4,auto_target,P2_zoom_out_high,,resolved,26,25,True,1,26,True,T03,31,False,,
5,1,L4-186,4,auto_target,P2_zoom_out_high,,resolved,23,23,True,0,23,True,T04,23,True,0,
5,1,L4-187,4,auto_target,P2_zoom_out_high,,resolved,27,27,True,0,27,True,T05,27,True,0,
5,1,L4-188,4,auto_target,P2_zoom_out_high,,resolved,28,27,True,1,28,True,T06,34,False,,
5,1,L4-189,4,auto_target,P2_zoom_out_high,,resolved,23,23,True,0,23,True,T07,36,False,,
5,1,L4-190,4,auto_target,P2_zoom_out_high,,resolved,33,33,True,0,33,True,T08,38,False,,
5,1,L4-191,4,auto_target,P2_zoom_out_high,,resolved,40,40,True,0,40,True,T09,40,True,0,
5,1,L4-192,4,auto_target,P2_zoom_out_high,,resolved,36,35,True,1,36,True,T10,35,True,1,
5,1,L4-193,4,auto_target,P2_zoom_out_high,,resolved,39,39,True,0,39,True,T11,39,True,0,
5,1,L4-194,4,auto_target,P2_zoom_out_high,,resolved,24,24,True,0,24,True,T12,43,False,,
5,1,L4-195,4,auto_target,P2_zoom_out_high,,resolved,42,42,True,0,42,True,T13,45,False,,
5,1,L4-196,4,auto_target,P2_zoom_out_high,,resolved,48,47,True,1,48,True,T14,47,False,,
5,1,L4-197,4,auto_target,P2_zoom_out_high,,no_hit,,49,False,,,True,T15,49,,,
5,1,L4-198,4,auto_target,P2_zoom_out_high,,resolved,46,45,True,1,46,True,T16,45,False,,
5,1,L4-199,4,auto_target,P2_zoom_out_high,,resolved,38,38,True,0,38,True,T17,49,False,,
5,1,L4-200,4,auto_target,P2_zoom_out_high,,resolved,31,31,True,0,31,True,T18,52,False,,
5,1,L4-201,4,auto_target,P2_zoom_out_high,,resolved,38,37,True,1,38,True,T19,54,False,,
5,1,L4-202,4,auto_target,P2_zoom_out_high,,resolved,32,32,True,0,32,True,T20,56,False,,
5,1,L4-203,4,auto_target,P2_zoom_out_high,,resolved,48,48,True,0,48,True,T21,58,False,,
5,1,L4-204,4,auto_target,P2_zoom_out_high,,resolved,48,48,True,0,48,True,T22,54,False,,
5,1,L4-205,4,auto_target,P2_zoom_out_high,,resolved,60,58,True,2,60,True,T23,58,False,,
5,1,L4-206,4,auto_target,P2_zoom_out_high,,resolved,58,58,True,0,58,True,T24,62,False,,
5,1,L4-207,4,auto_target,P2_zoom_out_high,,resolved,64,64,True,0,64,True,T25,64,True,0,
5,1,L4-208,4,auto_target,P2_zoom_out_high,,resolved,53,51,True,2,53,True,T26,65,False,,
5,1,L4-209,4,auto_target,P2_zoom_out_high,,resolved,45,44,True,1,45,True,T27,67,False,,
5,1,L4-210,4,auto_target,P2_zoom_out_high,,resolved,46,45,True,1,46,True,T28,63,False,,
5,1,L4-211,4,auto_target,P2_zoom_out_high,,no_hit,,66,False,,,True,T29,66,,,
5,1,L4-212,4,auto_target,P2_zoom_out_high,,resolved,67,66,True,1,67,True,T30,70,False,,
5,1,L4-213,4,auto_target,P2_zoom_out_high,,resolved,73,72,True,1,73,True,T31,72,False,,
5,1,L4-214,4,auto_target,P2_zoom_out_high,,resolved,75,74,True,1,75,True,T32,74,False,,
5,1,L4-215,4,auto_target,P2_zoom_out_high,,no_hit,,76,False,,,True,T33,76,,,
5,1,L4-216,4,auto_target,P2_zoom_out_high,,resolved,69,68,True,1,69,True,T34,70,False,,
5,1,L4-217,4,auto_target,P2_zoom_out_high,,resolved,71,70,True,1,71,True,T35,74,False,,
5,1,L4-218,4,auto_grid,P2_zoom_out_high,,no_hit,,,False,,,True,,,,,
5,1,L4-219,4,auto_grid,P2_zoom_out_high,,no_hit,,,False,,,True,,,,,
5,1,L4-220,4,auto_grid,P2_zoom_out_high,,no_hit,,,False,,,True,,,,,
5,1,L4-221,4,auto_grid,P2_zoom_out_high,,no_hit,,,False,,,True,,,,,
5,1,L4-222,4,auto_grid,P2_zoom_out_high,,no_hit,,,False,,,True,,,,,
5,1,L4-223,4,auto_grid,P2_zoom_out_high,,no_hit,,,False,,,True,,,,,
5,1,L4-224,4,auto_grid,P2_zoom_out_high,,no_hit,,,False,,,True,,,,,
5,1,L4-225,4,auto_grid,P2_zoom_out_high,,no_hit,,,False,,,True,,,,,
5,1,L4-226,4,auto_grid,P2_zoom_out_high,,no_hit,,,False,,,True,,,,,
5,1,L4-227,4,auto_grid,P2_zoom_out_high,,no_hit,,,False,,,True,,,,,
5,1,L4-228,4,auto_grid,P2_zoom_out_high,,no_hit,,,False,,,True,,,,,
5,1,L4-229,4,auto_grid,P2_zoom_out_high,,no_hit,,,False,,,True,,,,,
5,1,L4-230,4,auto_grid,P2_zoom_out_high,,no_hit,,,False,,,True,,,,,
5,1,L4-231,4,auto_grid,P2_zoom_out_high,,no_hit,,,False,,,True,,,,,
5,1,L4-232,4,auto_grid,P2_zoom_out_high,,no_hit,,,False,,,True,,,,,
5,1,L4-233,4,auto_grid,P2_zoom_out_high,,no_hit,,,False,,,True,,,,,
5,1,L4-234,4,auto_grid,P2_zoom_out_high,,no_hit,,,False,,,True,,,,,
5,1,L4-235,4,auto_grid,P2_zoom_out_high,,no_hit,,,False,,,True,,,,,
5,1,L4-236,4,auto_grid,P2_zoom_out_high,,no_hit,,,False,,,True,,,,,
5,1,L4-237,4,auto_grid,P2_zoom_out_high,,no_hit,,,False,,,True,,,,,
5,1,L4-238,4,auto_grid,P2_zoom_out_high,,resolved,23,23,True,0,23,True,,,,,
5,1,L4-239,4,auto_grid,P2_zoom_out_high,,no_hit,,,False,,,True,,,,,
5,1,L4-240,4,auto_grid,P2_zoom_out_high,,no_hit,,,False,,,True,,,,,
5,1,L4-241,4,auto_grid,P2_zoom_out_high,,no_hit,,,False,,,True,,,,,
5,1,L4-242,4,auto_grid,P2_zoom_out_high,,no_hit,,,False,,,True,,,,,
5,1,L4-243,4,auto_grid,P2_zoom_out_high,,resolved,71,71,True,0,71,True,,,,,
5,1,L4-244,4,auto_grid,P2_zoom_out_high,,resolved,35,35,True,0,35,True,,,,,
5,1,L4-245,4,auto_grid,P2_zoom_out_high,,no_hit,,,False,,,True,,,,,
5,1,L4-246,4,auto_grid,P2_zoom_out_high,,no_hit,,,False,,,True,,,,,
5,1,L4-247,4,auto_grid,P2_zoom_out_high,,no_hit,,,False,,,True,,,,,
5,1,L4-248,4,auto_grid,P2_zoom_out_high,,no_hit,,,False,,,True,,,,,
5,1,L4-249,4,auto_grid,P2_zoom_out_high,,no_hit,,,False,,,True,,,,,
5,1,L4-250,4,auto_grid,P2_zoom_out_high,,no_hit,,,False,,,True,,,,,
5,1,L4-251,4,auto_grid,P2_zoom_out_high,,resolved,36,36,True,0,36,True,,,,,
5,1,L4-252,4,auto_grid,P2_zoom_out_high,,no_hit,,,False,,,True,,,,,
5,1,L4-253,4,auto_grid,P2_zoom_out_high,,no_hit,,,False,,,True,,,,,
5,1,L4-254,4,auto_grid,P2_zoom_out_high,,no_hit,,,False,,,True,,,,,
5,1,L4-255,4,auto_grid,P2_zoom_out_high,,no_hit,,,False,,,True,,,,,
5,1,L4-256,4,auto_grid,P2_zoom_out_high,,no_hit,,,False,,,True,,,,,
5,1,L4-257,4,auto_grid,P2_zoom_out_high,,no_hit,,,False,,,True,,,,,
5,1,L4-258,4,auto_grid,P2_zoom_out_high,,no_hit,,,False,,,True,,,,,
5,1,L4-259,4,auto_grid,P2_zoom_out_high,,no_hit,,,False,,,True,,,,,
5,1,L4-260,4,auto_grid,P2_zoom_out_high,,no_hit,,,False,,,True,,,,,
5,1,L4-261,4,auto_grid,P2_zoom_out_high,,no_hit,,,False,,,True,,,,,
5,1,L4-262,4,auto_grid,P2_zoom_out_high,,no_hit,,,False,,,True,,,,,
5,1,L4-263,4,auto_grid,P2_zoom_out_high,,no_hit,,,False,,,True,,,,,
5,1,L4-264,4,auto_grid,P2_zoom_out_high,,no_hit,,,False,,,True,,,,,
5,1,L4-265,4,auto_grid,P2_zoom_out_high,,no_hit,,,False,,,True,,,,,
5,1,L4-266,4,auto_grid,P2_zoom_out_high,,no_hit,,,False,,,True,,,,,
5,1,L4-267,4,auto_grid,P2_zoom_out_high,,no_hit,,,False,,,True,,,,,
5,1,L4-268,4,auto_grid,P2_zoom_out_high,,no_hit,,,False,,,True,,,,,
5,1,L4-269,4,auto_grid,P2_zoom_out_high,,no_hit,,,False,,,True,,,,,
5,1,L4-270,4,auto_grid,P2_zoom_out_high,,no_hit,,,False,,,True,,,,,
5,1,L4-271,4,auto_grid,P2_zoom_out_high,,no_hit,,,False,,,True,,,,,
5,1,L4-272,4,auto_grid,P2_zoom_out_high,,no_hit,,,False,,,True,,,,,
5,1,L4-273,4,auto_grid,P2_zoom_out_high,,no_hit,,,False,,,True,,,,,
5,1,L4-274,4,auto_grid,P2_zoom_out_high,,no_hit,,,False,,,True,,,,,
5,1,L4-275,4,auto_grid,P2_zoom_out_high,,no_hit,,,False,,,True,,,,,
5,1,L4-276,4,auto_grid,P2_zoom_out_high,,no_hit,,,False,,,True,,,,,
5,1,L4-277,4,auto_grid,P2_zoom_out_high,,no_hit,,,False,,,True,,,,,
5,1,L4-278,4,auto_target,P3_from_below,,resolved,25,25,True,0,25,True,T00,25,False,,
5,1,L4-279,4,auto_target,P3_from_below,,resolved,25,25,True,0,25,True,T01,27,False,,
5,1,L4-280,4,auto_target,P3_from_below,,resolved,27,28,True,1,27,True,T02,29,False,,
5,1,L4-281,4,auto_target,P3_from_below,,resolved,31,31,True,0,31,True,T03,31,True,0,
5,1,L4-282,4,auto_target,P3_from_below,,no_hit,,23,False,,,True,T04,23,,,
5,1,L4-283,4,auto_target,P3_from_below,,resolved,26,27,True,1,26,True,T05,27,False,,
5,1,L4-284,4,auto_target,P3_from_below,,resolved,34,34,True,0,34,True,T06,34,True,0,
5,1,L4-285,4,auto_target,P3_from_below,,resolved,36,36,True,0,36,True,T07,36,True,0,
5,1,L4-286,4,auto_target,P3_from_below,,resolved,38,38,True,0,38,True,T08,38,True,0,
5,1,L4-287,4,auto_target,P3_from_below,,resolved,36,36,True,0,36,True,T09,40,False,,
5,1,L4-288,4,auto_target,P3_from_below,,resolved,32,32,True,0,32,True,T10,35,False,,
5,1,L4-289,4,auto_target,P3_from_below,,resolved,36,36,True,0,36,True,T11,39,False,,
5,1,L4-290,4,auto_target,P3_from_below,,resolved,43,43,True,0,43,True,T12,43,True,0,
5,1,L4-291,4,auto_target,P3_from_below,,no_hit,,45,False,,,True,T13,45,,,
5,1,L4-292,4,auto_target,P3_from_below,,resolved,41,41,True,0,41,True,T14,47,False,,
5,1,L4-293,4,auto_target,P3_from_below,,no_hit,,47,False,,,True,T15,49,,,
5,1,L4-294,4,auto_target,P3_from_below,,resolved,41,41,True,0,41,True,T16,45,False,,
5,1,L4-295,4,auto_target,P3_from_below,,resolved,50,49,True,1,50,True,T17,49,True,1,
5,1,L4-296,4,auto_target,P3_from_below,,resolved,52,52,True,0,52,True,T18,52,False,,
5,1,L4-297,4,auto_target,P3_from_below,,resolved,54,54,True,0,54,True,T19,54,False,,
5,1,L4-298,4,auto_target,P3_from_below,,resolved,56,56,True,0,56,True,T20,56,True,0,
5,1,L4-299,4,auto_target,P3_from_below,,resolved,52,52,True,0,52,True,T21,58,False,,
5,1,L4-300,4,auto_target,P3_from_below,,resolved,49,50,True,1,49,True,T22,54,False,,
5,1,L4-301,4,auto_target,P3_from_below,,resolved,52,52,True,0,52,True,T23,58,False,,
5,1,L4-302,4,auto_target,P3_from_below,,resolved,63,62,True,1,63,True,T24,62,False,,
5,1,L4-303,4,auto_target,P3_from_below,,resolved,54,54,True,0,54,True,T25,64,False,,
5,1,L4-304,4,auto_target,P3_from_below,,resolved,64,65,True,1,64,True,T26,65,False,,
5,1,L4-305,4,auto_target,P3_from_below,,resolved,68,67,True,1,68,True,T27,67,False,,
5,1,L4-306,4,auto_target,P3_from_below,,resolved,58,58,True,0,58,True,T28,63,False,,
5,1,L4-307,4,auto_target,P3_from_below,,resolved,64,60,True,4,64,True,T29,66,False,,
5,1,L4-308,4,auto_target,P3_from_below,,resolved,60,60,True,0,60,True,T30,70,False,,
5,1,L4-309,4,auto_target,P3_from_below,,resolved,64,64,True,0,64,True,T31,72,False,,
5,1,L4-310,4,auto_target,P3_from_below,,resolved,66,66,True,0,66,True,T32,74,False,,
5,1,L4-311,4,auto_target,P3_from_below,,resolved,68,68,True,0,68,True,T33,76,False,,
5,1,L4-312,4,auto_target,P3_from_below,,resolved,60,60,True,0,60,True,T34,70,False,,
5,1,L4-313,4,auto_target,P3_from_below,,resolved,76,74,True,2,76,True,T35,74,False,,
5,1,L4-314,4,auto_grid,P3_from_below,,no_hit,,,False,,,True,,,,,
5,1,L4-315,4,auto_grid,P3_from_below,,no_hit,,75,False,,,True,,,,,
5,1,L4-316,4,auto_grid,P3_from_below,,no_hit,,,False,,,True,,,,,
5,1,L4-317,4,auto_grid,P3_from_below,,no_hit,,,False,,,True,,,,,
5,1,L4-318,4,auto_grid,P3_from_below,,no_hit,,,False,,,True,,,,,
5,1,L4-319,4,auto_grid,P3_from_below,,no_hit,,,False,,,True,,,,,
5,1,L4-320,4,auto_grid,P3_from_below,,no_hit,,,False,,,True,,,,,
5,1,L4-321,4,auto_grid,P3_from_below,,resolved,56,56,True,0,56,True,,,,,
5,1,L4-322,4,auto_grid,P3_from_below,,no_hit,,,False,,,True,,,,,
5,1,L4-323,4,auto_grid,P3_from_below,,no_hit,,,False,,,True,,,,,
5,1,L4-324,4,auto_grid,P3_from_below,,no_hit,,,False,,,True,,,,,
5,1,L4-325,4,auto_grid,P3_from_below,,no_hit,,,False,,,True,,,,,
5,1,L4-326,4,auto_grid,P3_from_below,,resolved,34,34,True,0,34,True,,,,,
5,1,L4-327,4,auto_grid,P3_from_below,,resolved,49,49,True,0,49,True,,,,,
5,1,L4-328,4,auto_grid,P3_from_below,,resolved,69,68,True,1,69,True,,,,,
5,1,L4-329,4,auto_grid,P3_from_below,,no_hit,,,False,,,True,,,,,
5,1,L4-330,4,auto_grid,P3_from_below,,no_hit,,,False,,,True,,,,,
5,1,L4-331,4,auto_grid,P3_from_below,,no_hit,,,False,,,True,,,,,
5,1,L4-332,4,auto_grid,P3_from_below,,resolved,26,26,True,0,26,True,,,,,
5,1,L4-333,4,auto_grid,P3_from_below,,resolved,41,41,True,0,41,True,,,,,
5,1,L4-334,4,auto_grid,P3_from_below,,resolved,57,57,True,0,57,True,,,,,
5,1,L4-335,4,auto_grid,P3_from_below,,no_hit,,,False,,,True,,,,,
5,1,L4-336,4,auto_grid,P3_from_below,,no_hit,,,False,,,True,,,,,
5,1,L4-337,4,auto_grid,P3_from_below,,no_hit,,,False,,,True,,,,,
5,1,L4-338,4,auto_grid,P3_from_below,,no_hit,,,False,,,True,,,,,
5,1,L4-339,4,auto_grid,P3_from_below,,resolved,33,33,True,0,33,True,,,,,
5,1,L4-340,4,auto_grid,P3_from_below,,resolved,49,49,True,0,49,True,,,,,
5,1,L4-341,4,auto_grid,P3_from_below,,no_hit,,,False,,,True,,,,,
5,1,L4-342,4,auto_grid,P3_from_below,,no_hit,,,False,,,True,,,,,
5,1,L4-343,4,auto_grid,P3_from_below,,no_hit,,,False,,,True,,,,,
5,1,L4-344,4,auto_grid,P3_from_below,,no_hit,,,False,,,True,,,,,
5,1,L4-345,4,auto_grid,P3_from_below,,resolved,26,26,True,0,26,True,,,,,
5,1,L4-346,4,auto_grid,P3_from_below,,resolved,41,41,True,0,41,True,,,,,
5,1,L4-347,4,auto_grid,P3_from_below,,resolved,58,58,True,0,58,True,,,,,
5,1,L4-348,4,auto_grid,P3_from_below,,no_hit,,,False,,,True,,,,,
5,1,L4-349,4,auto_grid,P3_from_below,,no_hit,,,False,,,True,,,,,
5,1,L4-350,4,auto_grid,P3_from_below,,no_hit,,,False,,,True,,,,,
5,1,L4-351,4,auto_grid,P3_from_below,,no_hit,,,False,,,True,,,,,
5,1,L4-352,4,auto_grid,P3_from_below,,resolved,34,34,True,0,34,True,,,,,
5,1,L4-353,4,auto_grid,P3_from_below,,resolved,48,48,True,0,48,True,,,,,
5,1,L4-354,4,auto_grid,P3_from_below,,no_hit,,,False,,,True,,,,,
5,1,L4-355,4,auto_grid,P3_from_below,,no_hit,,,False,,,True,,,,,
5,1,L4-356,4,auto_grid,P3_from_below,,no_hit,,,False,,,True,,,,,
5,1,L4-357,4,auto_grid,P3_from_below,,no_hit,,,False,,,True,,,,,
5,1,L4-358,4,auto_grid,P3_from_below,,no_hit,,,False,,,True,,,,,
5,1,L4-359,4,auto_grid,P3_from_below,,no_hit,,41,False,,,True,,,,,
5,1,L4-360,4,auto_grid,P3_from_below,,resolved,58,58,True,0,58,True,,,,,
5,1,L4-361,4,auto_grid,P3_from_below,,no_hit,,,False,,,True,,,,,
5,1,L4-362,4,auto_grid,P3_from_below,,no_hit,,,False,,,True,,,,,
5,1,L4-363,4,auto_grid,P3_from_below,,no_hit,,,False,,,True,,,,,
5,1,L4-364,4,auto_grid,P3_from_below,,no_hit,,,False,,,True,,,,,
5,1,L4-365,4,auto_grid,P3_from_below,,no_hit,,,False,,,True,,,,,
5,1,L4-366,4,auto_grid,P3_from_below,,no_hit,,45,False,,,True,,,,,
5,1,L4-367,4,auto_grid,P3_from_below,,no_hit,,,False,,,True,,,,,
5,1,L4-368,4,auto_grid,P3_from_below,,no_hit,,,False,,,True,,,,,
5,1,L4-369,4,auto_grid,P3_from_below,,no_hit,,,False,,,True,,,,,
5,1,L4-370,4,auto_grid,P3_from_below,,no_hit,,,False,,,True,,,,,
5,1,L4-371,4,auto_grid,P3_from_below,,no_hit,,,False,,,True,,,,,
5,1,L4-372,4,auto_grid,P3_from_below,,no_hit,,,False,,,True,,,,,
5,1,L4-373,4,auto_grid,P3_from_below,,no_hit,,,False,,,True,,,,,
5,1,L4-374,4,auto_target,P4_close_side,,resolved,25,25,True,0,25,True,T01,27,False,,
5,1,L4-375,4,auto_target,P4_close_side,,no_hit,,25,False,,,True,T02,29,,,
5,1,L4-376,4,auto_target,P4_close_side,,resolved,27,27,True,0,27,True,T05,27,True,0,
5,1,L4-377,4,auto_target,P4_close_side,,resolved,38,36,True,2,38,True,T07,36,False,,
5,1,L4-378,4,auto_target,P4_close_side,,resolved,39,38,True,1,39,True,T08,38,True,1,
5,1,L4-379,4,auto_target,P4_close_side,,resolved,24,24,True,0,24,True,T09,40,False,,
5,1,L4-380,4,auto_target,P4_close_side,,resolved,24,23,True,1,24,True,T10,35,False,,
5,1,L4-381,4,auto_target,P4_close_side,,no_hit,,39,False,,,True,T11,39,,,
5,1,L4-382,4,auto_target,P4_close_side,,resolved,42,41,True,1,42,True,T12,43,False,,
5,1,L4-383,4,auto_target,P4_close_side,,no_hit,,38,False,,,True,T14,47,,,
5,1,L4-384,4,auto_target,P4_close_side,,no_hit,,45,False,,,True,T16,45,,,
5,1,L4-385,4,auto_target,P4_close_side,,resolved,41,40,True,1,41,True,T18,52,False,,
5,1,L4-386,4,auto_target,P4_close_side,,resolved,43,39,True,4,43,True,T19,54,False,,
5,1,L4-387,4,auto_target,P4_close_side,,resolved,49,47,True,2,49,True,T20,56,False,,
5,1,L4-388,4,auto_target,P4_close_side,,resolved,28,29,True,1,28,True,T23,58,False,,
5,1,L4-389,4,auto_target,P4_close_side,,resolved,23,23,True,0,23,True,T25,64,False,,
5,1,L4-390,4,auto_target,P4_close_side,,resolved,27,27,True,0,27,True,T27,67,False,,
5,1,L4-391,4,auto_target,P4_close_side,,resolved,23,23,True,0,23,True,T28,63,False,,
5,1,L4-392,4,auto_target,P4_close_side,,resolved,23,23,True,0,23,True,T30,70,False,,
5,1,L4-393,4,auto_target,P4_close_side,,resolved,23,23,True,0,23,True,T34,70,False,,
5,1,L4-394,4,auto_grid,P4_close_side,,no_hit,,,False,,,True,,,,,
5,1,L4-395,4,auto_grid,P4_close_side,,no_hit,,,False,,,True,,,,,
5,1,L4-396,4,auto_grid,P4_close_side,,no_hit,,,False,,,True,,,,,
5,1,L4-397,4,auto_grid,P4_close_side,,no_hit,,,False,,,True,,,,,
5,1,L4-398,4,auto_grid,P4_close_side,,no_hit,,,False,,,True,,,,,
5,1,L4-399,4,auto_grid,P4_close_side,,no_hit,,,False,,,True,,,,,
5,1,L4-400,4,auto_grid,P4_close_side,,no_hit,,,False,,,True,,,,,
5,1,L4-401,4,auto_grid,P4_close_side,,no_hit,,,False,,,True,,,,,
5,1,L4-402,4,auto_grid,P4_close_side,,no_hit,,,False,,,True,,,,,
5,1,L4-403,4,auto_grid,P4_close_side,,no_hit,,,False,,,True,,,,,
5,1,L4-404,4,auto_grid,P4_close_side,,no_hit,,,False,,,True,,,,,
5,1,L4-405,4,auto_grid,P4_close_side,,no_hit,,,False,,,True,,,,,
5,1,L4-406,4,auto_grid,P4_close_side,,resolved,53,50,True,3,53,True,,,,,
5,1,L4-407,4,auto_grid,P4_close_side,,no_hit,,,False,,,True,,,,,
5,1,L4-408,4,auto_grid,P4_close_side,,no_hit,,,False,,,True,,,,,
5,1,L4-409,4,auto_grid,P4_close_side,,no_hit,,,False,,,True,,,,,
5,1,L4-410,4,auto_grid,P4_close_side,,no_hit,,,False,,,True,,,,,
5,1,L4-411,4,auto_grid,P4_close_side,,no_hit,,,False,,,True,,,,,
5,1,L4-412,4,auto_grid,P4_close_side,,resolved,29,28,True,1,29,True,,,,,
5,1,L4-413,4,auto_grid,P4_close_side,,resolved,31,32,True,1,31,True,,,,,
5,1,L4-414,4,auto_grid,P4_close_side,,resolved,35,35,True,0,35,True,,,,,
5,1,L4-415,4,auto_grid,P4_close_side,,no_hit,,,False,,,True,,,,,
5,1,L4-416,4,auto_grid,P4_close_side,,no_hit,,,False,,,True,,,,,
5,1,L4-417,4,auto_grid,P4_close_side,,no_hit,,,False,,,True,,,,,
5,1,L4-418,4,auto_grid,P4_close_side,,resolved,24,24,True,0,24,True,,,,,
5,1,L4-419,4,auto_grid,P4_close_side,,resolved,25,25,True,0,25,True,,,,,
5,1,L4-420,4,auto_grid,P4_close_side,,resolved,27,28,True,1,27,True,,,,,
5,1,L4-421,4,auto_grid,P4_close_side,,resolved,32,32,True,0,32,True,,,,,
5,1,L4-422,4,auto_grid,P4_close_side,,resolved,36,37,True,1,36,True,,,,,
5,1,L4-423,4,auto_grid,P4_close_side,,resolved,40,40,True,0,40,True,,,,,
5,1,L4-424,4,auto_grid,P4_close_side,,resolved,23,23,True,0,23,True,,,,,
5,1,L4-425,4,auto_grid,P4_close_side,,resolved,23,23,True,0,23,True,,,,,
5,1,L4-426,4,auto_grid,P4_close_side,,resolved,24,24,True,0,24,True,,,,,
5,1,L4-427,4,auto_grid,P4_close_side,,resolved,28,29,True,1,28,True,,,,,
5,1,L4-428,4,auto_grid,P4_close_side,,resolved,32,32,True,0,32,True,,,,,
5,1,L4-429,4,auto_grid,P4_close_side,,resolved,35,35,True,0,35,True,,,,,
5,1,L4-430,4,auto_grid,P4_close_side,,resolved,23,23,True,0,23,True,,,,,
5,1,L4-431,4,auto_grid,P4_close_side,,resolved,23,23,True,0,23,True,,,,,
5,1,L4-432,4,auto_grid,P4_close_side,,resolved,23,23,True,0,23,True,,,,,
5,1,L4-433,4,auto_grid,P4_close_side,,resolved,27,27,True,0,27,True,,,,,
5,1,L4-434,4,auto_grid,P4_close_side,,resolved,31,31,True,0,31,True,,,,,
5,1,L4-435,4,auto_grid,P4_close_side,,resolved,34,34,True,0,34,True,,,,,
5,1,L4-436,4,auto_grid,P4_close_side,,resolved,23,23,True,0,23,True,,,,,
5,1,L4-437,4,auto_grid,P4_close_side,,resolved,23,23,True,0,23,True,,,,,
5,1,L4-438,4,auto_grid,P4_close_side,,resolved,24,23,True,1,24,True,,,,,
5,1,L4-439,4,auto_grid,P4_close_side,,resolved,27,28,True,1,27,True,,,,,
5,1,L4-440,4,auto_grid,P4_close_side,,resolved,31,31,True,0,31,True,,,,,
5,1,L4-441,4,auto_grid,P4_close_side,,resolved,35,35,True,0,35,True,,,,,
5,1,L4-442,4,auto_grid,P4_close_side,,resolved,23,23,True,0,23,True,,,,,
5,1,L4-443,4,auto_grid,P4_close_side,,resolved,23,23,True,0,23,True,,,,,
5,1,L4-444,4,auto_grid,P4_close_side,,resolved,25,25,True,0,25,True,,,,,
5,1,L4-445,4,auto_grid,P4_close_side,,resolved,39,39,True,0,39,True,,,,,
5,1,L4-446,4,auto_grid,P4_close_side,,resolved,37,36,True,1,37,True,,,,,
5,1,L4-447,4,auto_grid,P4_close_side,,no_hit,,39,False,,,True,,,,,
5,1,L4-448,4,auto_grid,P4_close_side,,resolved,23,23,True,0,23,True,,,,,
5,1,L4-449,4,auto_grid,P4_close_side,,resolved,25,24,True,1,25,True,,,,,
5,1,L4-450,4,auto_grid,P4_close_side,,no_hit,,,False,,,True,,,,,
5,1,L4-451,4,auto_grid,P4_close_side,,no_hit,,,False,,,True,,,,,
5,1,L4-452,4,auto_grid,P4_close_side,,no_hit,,,False,,,True,,,,,
5,1,L4-453,4,auto_grid,P4_close_side,,no_hit,,,False,,,True,,,,,
5,1,L4-454,4,auto_target,P5_near_top_down,,no_hit,,25,False,,,True,T00,25,,,
5,1,L4-455,4,auto_target,P5_near_top_down,,resolved,27,27,True,0,27,True,T01,27,True,0,
5,1,L4-456,4,auto_target,P5_near_top_down,,resolved,29,29,True,0,29,True,T02,29,False,,
5,1,L4-457,4,auto_target,P5_near_top_down,,resolved,35,35,True,0,35,True,T03,31,False,,
5,1,L4-458,4,auto_target,P5_near_top_down,,resolved,25,25,True,0,25,True,T04,23,False,,
5,1,L4-459,4,auto_target,P5_near_top_down,,resolved,26,27,True,1,26,True,T05,27,False,,
5,1,L4-460,4,auto_target,P5_near_top_down,,resolved,38,38,True,0,38,True,T06,34,False,,
5,1,L4-461,4,auto_target,P5_near_top_down,,resolved,41,41,True,0,41,True,T07,36,False,,
5,1,L4-462,4,auto_target,P5_near_top_down,,resolved,41,41,True,0,41,True,T08,38,False,,
5,1,L4-463,4,auto_target,P5_near_top_down,,resolved,40,40,True,0,40,True,T09,40,True,0,
5,1,L4-464,4,auto_target,P5_near_top_down,,resolved,35,35,True,0,35,True,T10,35,True,0,
5,1,L4-465,4,auto_target,P5_near_top_down,,resolved,38,39,True,1,38,True,T11,39,False,,
5,1,L4-466,4,auto_target,P5_near_top_down,,resolved,46,46,True,0,46,True,T12,43,False,,
5,1,L4-467,4,auto_target,P5_near_top_down,,resolved,46,46,True,0,46,True,T13,45,False,,
5,1,L4-468,4,auto_target,P5_near_top_down,,resolved,47,47,True,0,47,True,T14,47,False,,
5,1,L4-469,4,auto_target,P5_near_top_down,,no_hit,,49,False,,,True,T15,49,,,
5,1,L4-470,4,auto_target,P5_near_top_down,,resolved,44,45,True,1,44,True,T16,45,False,,
5,1,L4-471,4,auto_target,P5_near_top_down,,resolved,52,52,True,0,52,True,T17,49,False,,
5,1,L4-472,4,auto_target,P5_near_top_down,,resolved,54,54,True,0,54,True,T18,52,False,,
5,1,L4-473,4,auto_target,P5_near_top_down,,resolved,56,56,True,0,56,True,T19,54,False,,
5,1,L4-474,4,auto_target,P5_near_top_down,,resolved,58,58,True,0,58,True,T20,56,False,,
5,1,L4-475,4,auto_target,P5_near_top_down,,resolved,58,58,True,0,58,True,T21,58,False,,
5,1,L4-476,4,auto_target,P5_near_top_down,,resolved,53,54,True,1,53,True,T22,54,False,,
5,1,L4-477,4,auto_target,P5_near_top_down,,resolved,58,58,True,0,58,True,T23,58,True,0,
5,1,L4-478,4,auto_target,P5_near_top_down,,resolved,62,62,True,0,62,True,T24,62,False,,
5,1,L4-479,4,auto_target,P5_near_top_down,,resolved,64,64,True,0,64,True,T25,64,False,,
5,1,L4-480,4,auto_target,P5_near_top_down,,resolved,65,65,True,0,65,True,T26,65,False,,
5,1,L4-481,4,auto_target,P5_near_top_down,,resolved,67,67,True,0,67,True,T27,67,False,,
5,1,L4-482,4,auto_target,P5_near_top_down,,resolved,63,63,True,0,63,True,T28,63,False,,
5,1,L4-483,4,auto_target,P5_near_top_down,,resolved,66,66,True,0,66,True,T29,66,False,,
5,1,L4-484,4,auto_target,P5_near_top_down,,resolved,70,70,True,0,70,True,T30,70,False,,
5,1,L4-485,4,auto_target,P5_near_top_down,,resolved,72,72,True,0,72,True,T31,72,False,,
5,1,L4-486,4,auto_target,P5_near_top_down,,resolved,74,74,True,0,74,True,T32,74,False,,
5,1,L4-487,4,auto_target,P5_near_top_down,,resolved,76,76,True,0,76,True,T33,76,False,,
5,1,L4-488,4,auto_target,P5_near_top_down,,resolved,71,70,True,1,71,True,T34,70,False,,
5,1,L4-489,4,auto_target,P5_near_top_down,,resolved,74,74,True,0,74,True,T35,74,False,,
5,1,L4-490,4,auto_grid,P5_near_top_down,,no_hit,,,False,,,True,,,,,
5,1,L4-491,4,auto_grid,P5_near_top_down,,no_hit,,,False,,,True,,,,,
5,1,L4-492,4,auto_grid,P5_near_top_down,,no_hit,,77,False,,,True,,,,,
5,1,L4-493,4,auto_grid,P5_near_top_down,,no_hit,,,False,,,True,,,,,
5,1,L4-494,4,auto_grid,P5_near_top_down,,no_hit,,,False,,,True,,,,,
5,1,L4-495,4,auto_grid,P5_near_top_down,,no_hit,,,False,,,True,,,,,
5,1,L4-496,4,auto_grid,P5_near_top_down,,no_hit,,,False,,,True,,,,,
5,1,L4-497,4,auto_grid,P5_near_top_down,,no_hit,,,False,,,True,,,,,
5,1,L4-498,4,auto_grid,P5_near_top_down,,no_hit,,78,False,,,True,,,,,
5,1,L4-499,4,auto_grid,P5_near_top_down,,resolved,52,52,True,0,52,True,,,,,
5,1,L4-500,4,auto_grid,P5_near_top_down,,resolved,26,27,True,1,26,True,,,,,
5,1,L4-501,4,auto_grid,P5_near_top_down,,no_hit,,,False,,,True,,,,,
5,1,L4-502,4,auto_grid,P5_near_top_down,,no_hit,,,False,,,True,,,,,
5,1,L4-503,4,auto_grid,P5_near_top_down,,no_hit,,,False,,,True,,,,,
5,1,L4-504,4,auto_grid,P5_near_top_down,,no_hit,,,False,,,True,,,,,
5,1,L4-505,4,auto_grid,P5_near_top_down,,resolved,53,53,True,0,53,True,,,,,
5,1,L4-506,4,auto_grid,P5_near_top_down,,resolved,30,30,True,0,30,True,,,,,
5,1,L4-507,4,auto_grid,P5_near_top_down,,no_hit,,,False,,,True,,,,,
5,1,L4-508,4,auto_grid,P5_near_top_down,,no_hit,,,False,,,True,,,,,
5,1,L4-509,4,auto_grid,P5_near_top_down,,no_hit,,,False,,,True,,,,,
5,1,L4-510,4,auto_grid,P5_near_top_down,,no_hit,,,False,,,True,,,,,
5,1,L4-511,4,auto_grid,P5_near_top_down,,resolved,53,53,True,0,53,True,,,,,
5,1,L4-512,4,auto_grid,P5_near_top_down,,resolved,29,29,True,0,29,True,,,,,
5,1,L4-513,4,auto_grid,P5_near_top_down,,no_hit,,,False,,,True,,,,,
5,1,L4-514,4,auto_grid,P5_near_top_down,,no_hit,,,False,,,True,,,,,
5,1,L4-515,4,auto_grid,P5_near_top_down,,no_hit,,,False,,,True,,,,,
5,1,L4-516,4,auto_grid,P5_near_top_down,,no_hit,,,False,,,True,,,,,
5,1,L4-517,4,auto_grid,P5_near_top_down,,resolved,54,54,True,0,54,True,,,,,
5,1,L4-518,4,auto_grid,P5_near_top_down,,no_hit,,,False,,,True,,,,,
5,1,L4-519,4,auto_grid,P5_near_top_down,,no_hit,,,False,,,True,,,,,
5,1,L4-520,4,auto_grid,P5_near_top_down,,no_hit,,,False,,,True,,,,,
5,1,L4-521,4,auto_grid,P5_near_top_down,,no_hit,,,False,,,True,,,,,
5,1,L4-522,4,auto_grid,P5_near_top_down,,no_hit,,,False,,,True,,,,,
5,1,L4-523,4,auto_grid,P5_near_top_down,,resolved,54,54,True,0,54,True,,,,,
5,1,L4-524,4,auto_grid,P5_near_top_down,,no_hit,,,False,,,True,,,,,
5,1,L4-525,4,auto_grid,P5_near_top_down,,no_hit,,,False,,,True,,,,,
5,1,L4-526,4,auto_grid,P5_near_top_down,,no_hit,,,False,,,True,,,,,
5,1,L4-527,4,auto_grid,P5_near_top_down,,no_hit,,,False,,,True,,,,,
5,1,L4-528,4,auto_grid,P5_near_top_down,,no_hit,,,False,,,True,,,,,
5,1,L4-529,4,auto_grid,P5_near_top_down,,resolved,54,54,True,0,54,True,,,,,
5,1,L4-530,4,auto_grid,P5_near_top_down,,no_hit,,,False,,,True,,,,,
5,1,L4-531,4,auto_grid,P5_near_top_down,,no_hit,,,False,,,True,,,,,
5,1,L4-532,4,auto_grid,P5_near_top_down,,no_hit,,,False,,,True,,,,,
5,1,L4-533,4,auto_grid,P5_near_top_down,,no_hit,,,False,,,True,,,,,
5,1,L4-534,4,auto_grid,P5_near_top_down,,no_hit,,,False,,,True,,,,,
5,1,L4-535,4,auto_grid,P5_near_top_down,,no_hit,,,False,,,True,,,,,
5,1,L4-536,4,auto_grid,P5_near_top_down,,no_hit,,,False,,,True,,,,,
5,1,L4-537,4,auto_grid,P5_near_top_down,,no_hit,,,False,,,True,,,,,
5,1,L4-538,4,auto_grid,P5_near_top_down,,no_hit,,,False,,,True,,,,,
5,1,L4-539,4,auto_grid,P5_near_top_down,,no_hit,,,False,,,True,,,,,
5,1,L4-540,4,auto_grid,P5_near_top_down,,no_hit,,,False,,,True,,,,,
5,1,L4-541,4,auto_grid,P5_near_top_down,,no_hit,,,False,,,True,,,,,
5,1,L4-542,4,auto_grid,P5_near_top_down,,no_hit,,,False,,,True,,,,,
5,1,L4-543,4,auto_grid,P5_near_top_down,,no_hit,,,False,,,True,,,,,
5,1,L4-544,4,auto_grid,P5_near_top_down,,no_hit,,,False,,,True,,,,,
5,1,L4-545,4,auto_grid,P5_near_top_down,,no_hit,,,False,,,True,,,,,
5,1,L4-546,4,auto_grid,P5_near_top_down,,no_hit,,,False,,,True,,,,,
5,1,L4-547,4,auto_grid,P5_near_top_down,,no_hit,,,False,,,True,,,,,
5,1,L4-548,4,auto_grid,P5_near_top_down,,no_hit,,,False,,,True,,,,,
5,1,L4-549,4,auto_grid,P5_near_top_down,,no_hit,,,False,,,True,,,,,
